name,rating,review_count,price,categories,address,latitude,longitude,phone,url,parking_available
"Davis, Byrd and Gonzales Eatery",3.3,720,$$$$,French,"3213 Walton Station, Minneapolis, MN 89271",44.894297,-93.26202,+1-916-878-7573x7516,https://www.martin-smith.com/,No
Freeman-Martinez Steakhouse,2.9,553,$$$,"Indian, Mexican, Vegan","415 Antonio Lodge, Minneapolis, MN 36913",44.996318,-93.329236,385.307.4463x44726,https://richardson.com/,No
"Villegas, Smith and Bailey Grill",3.2,103,$$$$,"Mexican, American, BBQ","22827 Lee Key Apt. 276, Minneapolis, MN 99428",44.937006,-93.226495,857-792-4178x546,https://www.parker-nguyen.info/,Yes
Edwards-Andrade Bistro,4.4,160,$$,Vegan,"130 Henry Village, Minneapolis, MN 13649",45.042633,-93.244118,001-772-688-7712,https://www.mercer.com/,Yes
"Miles, Swanson and Wilson Bistro",5.0,673,$$$$,"Thai, BBQ","93125 Thomas Junctions Apt. 385, Minneapolis, MN 51048",45.018174,-93.310002,(687)680-3551x47961,http://reynolds.com/,Yes
Curtis-Fox Diner,3.4,306,$$$$,Indian,"4187 Williams Estate Suite 934, Minneapolis, MN 70946",45.039969,-93.341059,(269)852-8118x55440,https://www.kline.com/,Yes
"Edwards, Davis and Burton Bistro",3.7,567,$,"Mexican, American, Chinese","0526 Lisa Knoll, Minneapolis, MN 04725",45.004645,-93.254087,+1-619-746-9524x8782,http://murray.com/,No
"Hunter, King and Wallace Steakhouse",4.5,190,$$,"Mexican, American","3500 Stacy Village Apt. 858, Minneapolis, MN 34365",44.891545,-93.201642,(215)293-4721,http://www.hickman.com/,No
"Norton, Medina and Craig Grill",4.4,873,$$$$,French,"328 Curry Inlet Apt. 023, Minneapolis, MN 26727",45.019906,-93.285671,+1-555-858-4975,http://brown.com/,Yes
Meyer Group Kitchen,3.8,705,$,Indian,"97053 Ball Bypass, Minneapolis, MN 75405",44.907883,-93.316233,784.754.6654x683,http://fisher-russell.com/,Yes
Harris-Quinn Eatery,4.7,732,$$$$,"Chinese, BBQ","83674 Leonard Ville, Minneapolis, MN 77487",45.002905,-93.339681,646-519-8096,http://www.kirk-wells.com/,No
Marshall Group Kitchen,4.7,709,$,"Thai, Vegan, Mexican","3092 Morgan Road, Minneapolis, MN 16020",44.952976,-93.206449,+1-759-746-7453x307,https://www.martinez.com/,No
Lopez-Rice Eatery,4.7,96,$$$,"BBQ, Vegan, Mexican","000 Lewis Skyway Apt. 867, Minneapolis, MN 75206",44.942368,-93.218348,6085418973,http://erickson.info/,No
Allen-Thompson Kitchen,3.8,885,$$,BBQ,"78599 Norris Extension Apt. 173, Minneapolis, MN 22476",44.899987,-93.218505,5226484530,https://moore.com/,Yes
"Wong, Scott and Small Cafe",3.2,477,$$$$,"Thai, French","31457 Edward Locks Apt. 193, Minneapolis, MN 36743",44.946182,-93.25494,(730)909-4747,https://davidson.info/,Yes
"Harris, Valdez and Romero Steakhouse",3.4,176,$,Mexican,"73681 Simmons Lake, Minneapolis, MN 88924",44.89521,-93.329337,+1-216-471-2836,https://johnson-valenzuela.com/,Yes
Munoz-Sanford Steakhouse,4.6,879,$,Seafood,"84735 Ramirez Springs, Minneapolis, MN 23427",45.047977,-93.247384,(478)749-8719,https://www.wheeler-williams.com/,No
"Shepherd, Lawson and Gonzalez Steakhouse",3.2,692,$$,"Indian, French, Mexican","774 Jessica Land, Minneapolis, MN 82854",44.994425,-93.241753,432-906-9028,https://www.ellison-chavez.org/,Yes
"Valentine, Smith and Conner Diner",3.4,687,$$$$,"Mexican, Chinese","01923 Gonzales Fords Apt. 104, Minneapolis, MN 50784",44.980053,-93.279074,292-340-9346x89742,http://hart-shea.com/,Yes
Velez Inc Steakhouse,3.7,922,$,American,"2509 Rebekah Tunnel Apt. 500, Minneapolis, MN 55493",44.92705,-93.223818,(978)610-5107x5193,https://www.osborne.com/,No
Austin-Harrison Diner,3.9,804,$$,"BBQ, American","8118 Brown Forge, Minneapolis, MN 56948",45.001877,-93.344761,(485)293-1019x098,https://www.carr-sexton.com/,No
"Marquez, Johnson and Shepard Bistro",3.5,137,$$$$,"Thai, Mexican, Italian","4744 Rodriguez Plaza Apt. 757, Minneapolis, MN 29711",44.891521,-93.285941,+1-690-259-9775x9796,http://garrison.com/,No
"Nichols, Wright and Greene Grill",3.4,765,$$$$,Chinese,"1001 Gonzalez Locks, Minneapolis, MN 57200",44.937731,-93.217827,(986)634-5785,https://bridges.info/,Yes
Perry Inc Diner,2.7,740,$$,"Chinese, Italian","94219 Cody Alley, Minneapolis, MN 09472",44.948434,-93.294956,980-691-8051,http://frazier-chapman.com/,No
"Johnson, Martin and Clark Diner",4.2,400,$,Italian,"52818 Jessica Vista, Minneapolis, MN 40471",45.046429,-93.315682,+1-415-334-6486x0190,http://www.bradley.biz/,No
Cameron and Sons Grill,2.5,30,$$,"Mexican, American, Indian","53231 Hughes Shoals, Minneapolis, MN 48443",44.904508,-93.250787,522-917-0912,https://york.net/,No
Dickson-Dickerson Cafe,4.1,83,$$$,"Thai, BBQ, Mexican","6995 Sanchez Bypass, Minneapolis, MN 19016",44.95489,-93.285771,5838043711,http://www.hansen.org/,No
Hickman-Berg Cafe,2.8,328,$,"BBQ, Mexican","79840 Richard Lights Apt. 279, Minneapolis, MN 10369",44.969681,-93.209068,397-674-4071x5749,https://huff.com/,No
White Inc Kitchen,3.1,987,$,"Indian, Italian","611 Snyder Crescent, Minneapolis, MN 27257",44.965739,-93.235549,7404940210,https://simpson.com/,No
"Martin, Crosby and Allen Kitchen",4.9,11,$$$,"Seafood, Mexican, Indian","770 Anderson Knolls, Minneapolis, MN 35267",45.028858,-93.335136,5652597758,http://lopez-dominguez.com/,Yes
"Hawkins, Maldonado and Garcia Bistro",3.4,427,$,"American, Thai, Italian","26618 Phillips Path, Minneapolis, MN 66441",45.023922,-93.317077,+1-444-203-0415x606,https://carter-robinson.com/,Yes
Wilson-Wood Kitchen,3.6,451,$,"Mexican, Seafood","94517 Adkins Motorway Suite 863, Minneapolis, MN 53172",45.016006,-93.310538,+1-330-398-7309x293,http://hunt.com/,Yes
Mcneil Ltd Grill,3.7,954,$$,"Indian, Mexican","96068 Erik Square Suite 515, Minneapolis, MN 06998",44.89019,-93.222004,(394)744-6799,http://www.schaefer.org/,No
Sullivan-Brown Cafe,2.7,688,$,"American, Seafood, French","49177 Kimberly Station, Minneapolis, MN 39992",44.915001,-93.227051,001-625-312-5108,https://www.alvarez-white.com/,Yes
"Carroll, Thompson and Smith Bistro",5.0,14,$,French,"03930 Smith Branch, Minneapolis, MN 67905",45.026791,-93.306836,290.576.7263,https://www.meyer.com/,No
Yu Inc Grill,3.7,23,$$$$,Chinese,"45119 Danny Brook, Minneapolis, MN 38271",44.956807,-93.239627,936.330.0028x612,http://www.nelson-lyons.com/,No
"Brown, Lewis and Horn Grill",3.4,495,$$,Chinese,"6187 Veronica Corners Apt. 635, Minneapolis, MN 15269",45.040819,-93.310613,9218915046,https://johnson.info/,Yes
Flowers and Sons Cafe,3.0,965,$$$$,"Seafood, Mexican, American","4830 Preston Course, Minneapolis, MN 72372",44.97517,-93.26263,552-857-9476,https://sanders-carlson.biz/,No
"Strong, Robertson and Green Cafe",3.1,352,$$$,"Mexican, Seafood","7323 Anna Estates, Minneapolis, MN 22215",44.977098,-93.218853,+1-426-388-0092x944,http://www.hardy.com/,No
Clark-Hamilton Eatery,4.7,276,$$$,Thai,"70238 Rubio Pine Apt. 620, Minneapolis, MN 03063",44.890768,-93.280135,613.942.3363x20913,https://young.net/,No
Petersen-Vincent Kitchen,4.4,658,$$,"Chinese, Vegan","24056 Richards Streets Suite 213, Minneapolis, MN 99043",44.987396,-93.241153,368.774.3269x363,http://www.silva-jones.com/,No
Green-Glass Kitchen,4.1,853,$$$,"BBQ, Italian","48979 Timothy Stream Suite 232, Minneapolis, MN 39812",44.946873,-93.213278,374.647.7810x072,https://martin.net/,Yes
"Brown, Hoffman and Gonzalez Kitchen",3.1,896,$,BBQ,"74516 Charles Rest Apt. 437, Minneapolis, MN 52685",44.947223,-93.251292,749.918.5801x959,http://www.white.com/,No
"Gibson, Munoz and Leach Bistro",3.0,542,$,"BBQ, Italian","54203 May Port Suite 872, Minneapolis, MN 90118",44.92634,-93.251013,(725)536-0952x3163,http://www.bishop.org/,Yes
Wilson LLC Cafe,4.5,451,$,"Vegan, Italian","9929 Angela Cove Apt. 043, Minneapolis, MN 81373",44.964779,-93.277157,201.920.7200x0066,http://www.contreras.info/,Yes
Robles PLC Grill,4.8,164,$$,"Thai, Mexican, French","18841 Melissa Plaza Apt. 070, Minneapolis, MN 87891",45.045493,-93.229627,372.973.9278x4653,https://www.morgan-anderson.com/,Yes
Grant Inc Kitchen,3.7,491,$$$,"Seafood, Indian, BBQ","39101 Erica Circle Suite 456, Minneapolis, MN 99478",45.012022,-93.229715,365.958.0544x777,https://www.harris.org/,Yes
"Campbell, Rodriguez and Flynn Diner",3.5,214,$$$,"Thai, French, Indian","613 Melissa Mission, Minneapolis, MN 02888",44.895903,-93.306226,001-359-625-6028x4697,http://www.hooper.com/,Yes
Randolph-Valenzuela Cafe,4.8,832,$$$,"BBQ, French, Thai","74581 Bowen Harbors, Minneapolis, MN 89247",45.021761,-93.241426,495.448.3053x38850,http://www.austin-lee.com/,No
"Little, Vargas and Morgan Cafe",5.0,872,$,Italian,"463 Melissa Estate Suite 252, Minneapolis, MN 77549",44.911171,-93.260761,655-203-8007x5610,http://harris.net/,Yes
"Smith, Lee and Shields Grill",3.5,727,$$$,"Chinese, Vegan","9562 Gary Gateway Apt. 859, Minneapolis, MN 36447",44.891804,-93.3002,001-342-868-3645x7499,https://thomas-robinson.info/,No
Brown-George Kitchen,2.7,798,$$$$,"French, BBQ, American","6539 Becker Road, Minneapolis, MN 17703",44.900572,-93.243859,2939543416,http://goodman-pineda.com/,No
Parker PLC Kitchen,4.4,237,$$,American,"030 Vargas Curve, Minneapolis, MN 30025",45.023485,-93.293378,001-592-315-6066x328,http://www.lopez.biz/,No
Miller-Jones Kitchen,3.0,417,$$,French,"307 Diaz Circle Suite 949, Minneapolis, MN 44117",45.019846,-93.342633,602-853-8476x60557,https://www.lester.com/,Yes
Wilson Group Cafe,4.4,739,$$$$,Mexican,"1346 George Rapid, Minneapolis, MN 82696",44.958582,-93.324204,457.526.5096x47425,https://nelson.com/,Yes
"Blanchard, Harris and Fox Eatery",4.2,288,$$$,"Mexican, Italian","0511 Joseph Ridge Suite 962, Minneapolis, MN 54041",44.955377,-93.261578,299-847-8204x3700,https://rios.net/,No
"Perez, Middleton and Baker Cafe",2.8,359,$$,"American, BBQ, Seafood","9172 Williamson Meadows Suite 365, Minneapolis, MN 27070",45.014697,-93.32293,001-786-699-3149x38789,http://www.moss.com/,Yes
Perez-Gibson Grill,2.9,5,$$,BBQ,"3358 Rogers Lane, Minneapolis, MN 90399",44.915201,-93.222506,763.728.6454x5276,http://www.kidd-thompson.biz/,No
"Smith, Tyler and Campbell Grill",2.6,531,$$$,"Vegan, Thai","5174 Jasmine Tunnel, Minneapolis, MN 14863",44.93524,-93.321405,001-321-637-5033x135,https://jackson.com/,Yes
Little-Mcgee Steakhouse,4.5,399,$$$$,"Chinese, American","301 Carlson Estate, Minneapolis, MN 16670",44.930522,-93.289726,687-257-3193x461,https://www.higgins.biz/,No
Fletcher Inc Diner,4.6,815,$,"Vegan, Italian, Thai","886 Jacqueline Valley, Minneapolis, MN 99435",44.899808,-93.252296,001-924-448-4468x95834,https://white.com/,Yes
"Gamble, Stephens and Flores Eatery",4.6,608,$$$$,"Indian, Mexican, Italian","58486 Duncan Estates, Minneapolis, MN 27537",44.987716,-93.348567,001-997-599-0005,http://www.mccarthy-washington.com/,No
Martin-Mcdonald Grill,4.6,80,$$$$,"American, French, Mexican","375 Lawrence Walk Suite 412, Minneapolis, MN 01715",44.958203,-93.217367,+1-982-256-2541x1402,https://green.com/,No
Elliott-Crane Kitchen,2.5,943,$$$,Indian,"05720 Joanna Curve Suite 669, Minneapolis, MN 96332",45.045714,-93.2465,+1-768-541-8474x1305,https://www.castaneda-cook.com/,Yes
Ochoa Ltd Cafe,4.2,67,$$$$,"Vegan, Thai","5894 Walker Roads Suite 938, Minneapolis, MN 19998",45.024136,-93.300901,(220)463-2808x186,http://www.watson.com/,Yes
Davis Ltd Bistro,3.0,31,$$$$,French,"33296 Kim Springs, Minneapolis, MN 31294",44.921738,-93.315404,(259)546-3440,http://www.martin.com/,Yes
Ruiz-Griffin Kitchen,3.6,824,$$$,BBQ,"99567 Matthew Burgs Suite 050, Minneapolis, MN 51209",44.931014,-93.263802,(340)659-5888x02744,http://www.mccall-munoz.com/,Yes
Lee-Jordan Steakhouse,4.0,744,$$$$,"Indian, BBQ","713 White Island Suite 546, Minneapolis, MN 24204",44.931305,-93.308726,(290)918-5838x767,https://smith.com/,No
Osborne Group Grill,3.5,844,$$$,"BBQ, Indian","28830 Turner Corner Suite 231, Minneapolis, MN 16562",44.907225,-93.333135,+1-872-957-8187x29813,http://quinn.com/,No
Bishop Group Steakhouse,3.7,772,$$$,"American, Vegan, French","109 Clark Fields Suite 696, Minneapolis, MN 23375",44.899398,-93.323317,945.431.2799x0192,http://buchanan.com/,No
Diaz Inc Grill,3.8,176,$$,BBQ,"7259 Valerie Mount Apt. 158, Minneapolis, MN 70793",45.025378,-93.200984,415-701-3650x523,http://www.wright-bowman.com/,No
"Ross, Preston and Short Grill",3.8,687,$,"Thai, Chinese","05190 Horton Stream, Minneapolis, MN 88283",45.025549,-93.327041,758-631-9415x203,https://campos-williams.info/,No
Jackson and Sons Cafe,4.0,925,$,"French, Mexican","77596 Walker Ridges, Minneapolis, MN 47060",44.993191,-93.267497,001-593-634-3024x6558,https://www.smith-vargas.com/,No
Downs-Bailey Eatery,3.0,823,$$,Italian,"1709 George Parks Suite 238, Minneapolis, MN 65644",44.954193,-93.272718,+1-684-355-0170,https://smith-sandoval.com/,No
James-Thompson Steakhouse,2.9,785,$$$,Thai,"024 Ralph Forest Apt. 192, Minneapolis, MN 04690",45.029515,-93.239401,468-436-7098x598,http://www.allen.biz/,Yes
Hoffman-Randall Diner,2.6,240,$,"Vegan, BBQ","455 Elizabeth Junctions Suite 456, Minneapolis, MN 54425",45.006964,-93.330596,+1-485-723-4432x703,http://www.clark-evans.net/,No
White-Morris Eatery,4.2,692,$$$,"Mexican, Indian","20436 Middleton Forges Suite 188, Minneapolis, MN 78812",44.988838,-93.339057,768.768.9532x305,http://wilcox.net/,No
Perez-Kirk Bistro,4.2,930,$,"French, Thai","234 George Plains Apt. 341, Minneapolis, MN 55444",45.001034,-93.308739,514.997.9635,https://www.garza.com/,No
Miller and Sons Eatery,4.9,369,$$$,"American, Indian","557 Joseph Greens Apt. 038, Minneapolis, MN 42014",44.946138,-93.297279,773.277.9507,http://andrews.com/,No
"Rodriguez, Paul and Obrien Grill",3.6,163,$$$$,"Thai, Indian","1161 Nina Prairie Suite 301, Minneapolis, MN 17548",44.93471,-93.215249,+1-864-444-3906,https://www.roberts.com/,Yes
Kelly-Cardenas Diner,4.8,525,$$,"French, American","4786 Kelli Coves Suite 542, Minneapolis, MN 36943",44.952107,-93.227647,503.290.1007,https://www.schmitt-stone.com/,Yes
Mack-Lewis Cafe,4.8,866,$,"Italian, Seafood","1253 Perez View, Minneapolis, MN 69179",44.982674,-93.250626,5586969012,https://doyle.com/,No
Mullen and Sons Bistro,3.7,834,$$,French,"34730 Rojas Ports, Minneapolis, MN 13425",44.968449,-93.294061,430-503-9232,https://www.meyer.com/,Yes
Suarez-Sanchez Kitchen,3.4,396,$$$$,Seafood,"84077 Flores Path, Minneapolis, MN 66845",45.018257,-93.30963,001-519-223-4120,http://www.lynch.org/,No
Williams Group Grill,2.8,861,$$,"Mexican, Chinese, Indian","8514 Anne Road, Minneapolis, MN 02266",44.917213,-93.244369,630-756-9591x8327,https://www.jackson.com/,Yes
"Marshall, Crawford and Nichols Cafe",4.6,111,$$$$,"American, French","47774 Donald Creek Suite 022, Minneapolis, MN 05005",44.93487,-93.227759,+1-931-436-3469,http://lewis.org/,No
"Anderson, Leach and Dillon Bistro",4.0,948,$$,"Indian, Vegan","2403 Stewart Mount Suite 255, Minneapolis, MN 08423",45.01798,-93.291057,656-644-2326,http://allen.com/,Yes
Burton Group Cafe,3.8,384,$$,French,"504 Ford Mountains Apt. 621, Minneapolis, MN 84193",44.985822,-93.23122,7705673819,https://www.ellis.net/,No
Rodriguez-White Kitchen,2.7,366,$,"American, Seafood, Chinese","529 Lauren Avenue, Minneapolis, MN 93447",44.905143,-93.22956,(402)682-1279x707,http://www.brown-macias.biz/,Yes
"Ford, Martin and Delgado Bistro",3.2,643,$,"American, Vegan, Thai","19139 Lopez Run, Minneapolis, MN 17911",45.004363,-93.323484,716-588-7268x59152,https://www.mcmahon.com/,No
Russell-Lewis Kitchen,3.0,259,$,"Italian, Seafood, Mexican","7354 Mullen Fords Suite 557, Minneapolis, MN 21216",45.013904,-93.248584,001-824-857-8059x015,http://adams.com/,Yes
"Sutton, Campbell and Jordan Grill",4.4,404,$$,"Seafood, Thai","55991 Mendez Club Apt. 459, Minneapolis, MN 42394",44.980991,-93.229917,772-374-2963,https://www.vargas-lee.com/,Yes
Weeks-Wells Cafe,3.0,213,$$$$,"Seafood, Mexican","1482 Turner Crescent, Minneapolis, MN 77647",44.92379,-93.218617,(254)628-5962,https://www.moss.info/,No
"Brown, Edwards and Bean Diner",4.1,774,$$$$,"Mexican, Seafood, Italian","43281 Jason Cliff Apt. 403, Minneapolis, MN 60013",44.932235,-93.207603,+1-330-494-7289x5331,http://www.garcia-gomez.info/,Yes
Watkins-Glass Diner,3.6,997,$$$,"French, Italian","8014 Lindsey Pike, Minneapolis, MN 02350",44.961724,-93.307488,(768)347-2010,https://navarro.com/,No
"Melendez, Morse and Garcia Cafe",4.4,748,$$$$,"American, Mexican, Italian","11462 Hooper Trace, Minneapolis, MN 42434",44.952635,-93.292193,582.692.3312,https://everett-jackson.com/,Yes
Brown Group Cafe,4.2,837,$$$,"Thai, French, Chinese","6050 Jennings Turnpike Suite 147, Minneapolis, MN 33124",45.025931,-93.327107,214-350-4751x214,https://richardson.com/,No
Gray-Hunter Grill,3.3,34,$,Mexican,"632 Peters Road, Minneapolis, MN 49078",45.024658,-93.321892,848.562.4687,http://whitaker.org/,No
"Sanchez, Dyer and Combs Diner",4.2,991,$$$,"Seafood, Italian","09860 Ellison Land Apt. 452, Minneapolis, MN 35757",45.037697,-93.34281,(329)930-3608,http://oconnor.com/,Yes
Rice-Williams Cafe,4.4,78,$,American,"63314 Knight Spur Apt. 292, Minneapolis, MN 62334",44.900376,-93.31649,001-685-428-3643x1690,http://www.knox.biz/,Yes
"Quinn, Hopkins and Lewis Bistro",3.8,218,$,"Mexican, French, Italian","151 Benjamin Lakes Suite 395, Minneapolis, MN 66022",44.942808,-93.273429,(354)724-7239,http://www.george.biz/,No
Cardenas-Martin Bistro,3.3,267,$,"BBQ, Chinese, Seafood","6345 James Pine Suite 993, Minneapolis, MN 06730",45.049047,-93.226286,+1-631-972-9549,http://mahoney-norman.com/,Yes
Lucas Ltd Diner,3.0,702,$$$$,"Italian, BBQ, Seafood","367 Gonzalez Burg, Minneapolis, MN 28369",44.979792,-93.308259,(510)796-4738x7776,http://www.foster-castro.biz/,No
Hutchinson Group Cafe,3.0,675,$$$,"Indian, Mexican, BBQ","5214 Stephanie Canyon Suite 304, Minneapolis, MN 25350",45.013945,-93.226152,(618)373-5561x690,http://anderson.com/,No
Caldwell-Hall Grill,2.7,138,$$,Chinese,"13410 Smith Glen, Minneapolis, MN 83548",44.926897,-93.346587,3869712841,https://www.coffey-palmer.info/,Yes
Tate-Williams Diner,5.0,920,$,"Chinese, Italian, French","8943 Andrew Stravenue, Minneapolis, MN 52811",44.904732,-93.285131,742-228-3905x93281,http://gibson.biz/,Yes
"Carney, Allen and Rios Eatery",4.2,719,$$,"BBQ, Italian","83461 Roach Plains, Minneapolis, MN 50705",44.963695,-93.22464,+1-879-243-1336x627,https://moore.com/,No
Rose Inc Kitchen,4.5,252,$,BBQ,"76183 Coleman Lock Suite 321, Minneapolis, MN 79419",44.943477,-93.347449,(615)490-9107x29991,https://www.ross.biz/,No
Moore-Hickman Grill,2.6,41,$$$,"American, Seafood, French","5521 Cassandra Ridges Suite 462, Minneapolis, MN 96176",44.984671,-93.207954,+1-699-780-9725,https://www.long.biz/,No
Greene-Hill Steakhouse,4.3,213,$$$,Italian,"7707 Russell Radial, Minneapolis, MN 13047",45.0359,-93.287784,+1-593-694-6614x88260,https://www.martinez.com/,No
"Mcclain, Lowe and Henson Kitchen",3.6,722,$$$,"BBQ, French, Indian","8901 Alexandra Plain Apt. 447, Minneapolis, MN 92412",45.011564,-93.345881,(729)868-4385x2160,https://www.jordan.com/,Yes
"Lara, Curtis and Howard Diner",3.4,866,$,"Mexican, Italian, American","95672 Spencer Shoal, Minneapolis, MN 98390",44.972643,-93.202289,001-840-828-4789x8769,https://www.nelson-cook.org/,Yes
"Smith, Powers and Jones Grill",4.6,580,$$,American,"86672 Diana Cove Apt. 499, Minneapolis, MN 21893",44.984611,-93.216505,283-917-8033,http://www.wilson-smith.com/,No
Martin Ltd Cafe,2.8,59,$$,Vegan,"4141 Justin Avenue, Minneapolis, MN 95128",44.955888,-93.343121,001-693-775-3371x946,http://thomas-hampton.com/,Yes
Liu LLC Kitchen,3.4,111,$,"Vegan, BBQ","1260 White Ferry, Minneapolis, MN 55747",45.045997,-93.294744,001-438-293-8007x6772,http://www.douglas.biz/,Yes
Rice and Sons Grill,3.2,695,$,"Mexican, Vegan","160 Wayne Roads Suite 649, Minneapolis, MN 28533",44.936998,-93.248442,419-823-0997,https://williams.net/,Yes
"Sherman, Perez and Brown Eatery",3.3,233,$$$$,American,"3829 Tanya Crossroad, Minneapolis, MN 00764",44.980012,-93.32213,595-652-2902,https://www.orr.com/,Yes
Rivas-Stevenson Steakhouse,4.7,985,$,"Vegan, Mexican","9364 Corey Field, Minneapolis, MN 63536",44.983247,-93.207406,001-635-507-7160x9633,http://garcia-powell.com/,Yes
Johnson Ltd Grill,3.5,655,$$,"Mexican, Vegan, Indian","160 Christina Landing, Minneapolis, MN 34023",44.950601,-93.285472,(219)645-9192x189,https://steele.com/,No
Walls-Ryan Grill,2.9,108,$,"BBQ, Italian","408 Ford Mill, Minneapolis, MN 88081",44.973138,-93.314348,911.316.1318x91774,http://www.young-mullins.com/,Yes
"Wright, Solomon and Haas Kitchen",3.8,495,$,"Indian, Chinese","37891 Gonzalez View, Minneapolis, MN 61296",44.917755,-93.274966,645-226-9780x9867,http://www.crosby.net/,Yes
Kim-Ford Grill,2.5,940,$,Italian,"7888 Emily Corners, Minneapolis, MN 19574",45.049023,-93.266463,(778)239-7880,http://www.fisher-nicholson.com/,No
Alexander LLC Steakhouse,4.7,775,$$$$,"Seafood, BBQ","5193 Stephanie Stravenue Apt. 747, Minneapolis, MN 09482",44.948785,-93.201927,(812)268-5338,https://graham-leon.com/,No
"Ward, Allen and Henderson Diner",4.1,823,$$,"Italian, Seafood, Indian","587 Martin Square, Minneapolis, MN 79357",44.945084,-93.315792,001-259-677-2140x485,http://www.gutierrez-stark.com/,Yes
Hall Group Diner,4.6,236,$$,"Vegan, Indian","6232 Tanner Land, Minneapolis, MN 93298",44.97304,-93.270662,757.404.3763,http://fields.net/,No
Williams LLC Diner,3.0,319,$$,BBQ,"9193 Gonzalez Mountain Apt. 817, Minneapolis, MN 05519",44.987484,-93.25572,903-797-5749x124,http://www.cruz.com/,No
Allen PLC Diner,3.3,267,$$,"Italian, Thai","871 Gonzalez Field, Minneapolis, MN 74620",45.022365,-93.279385,465.660.8773,http://russell.com/,No
Williams Group Eatery,3.6,960,$$,American,"1956 Shelby Drive, Minneapolis, MN 85564",44.951929,-93.341739,+1-988-797-5634x24523,http://www.jones.com/,No
"Clark, Brown and White Diner",4.8,151,$$$,"Mexican, BBQ, Chinese","2433 Friedman Mountain Apt. 979, Minneapolis, MN 89791",44.943367,-93.20974,+1-843-379-7754,https://gregory.com/,No
"Miller, Harmon and Tucker Bistro",4.4,390,$$$,"Italian, Indian","3118 Murphy Vista Apt. 474, Minneapolis, MN 26241",44.994908,-93.343549,679-879-8446x581,https://riley-johnson.com/,No
Bell-Swanson Bistro,4.0,102,$$,"Seafood, French, American","5817 Samuel Radial Suite 120, Minneapolis, MN 08448",45.026843,-93.212178,599-670-6272x34093,http://banks.com/,No
Preston-Welch Eatery,4.9,886,$$$$,"Italian, Mexican","26994 Stout Cove, Minneapolis, MN 94823",44.950422,-93.32881,001-778-480-5059x4863,http://www.carr.com/,Yes
Aguilar Group Kitchen,2.9,462,$$$$,French,"0945 Bright Gateway Suite 034, Minneapolis, MN 14626",44.911049,-93.348617,(454)235-8421,http://www.goodman.com/,No
Greene LLC Eatery,2.8,850,$,"BBQ, Italian, American","25212 Smith Plaza, Minneapolis, MN 85154",45.004527,-93.221982,267.467.1179x58888,https://www.anderson.com/,Yes
James-Brooks Steakhouse,3.6,451,$$,"Mexican, BBQ","39197 Flores Pike Apt. 374, Minneapolis, MN 01291",44.966571,-93.272577,969.722.8883x247,https://www.hoover-thomas.com/,No
Smith-Levine Kitchen,3.6,820,$$$$,Mexican,"9904 Williams Parkways Suite 560, Minneapolis, MN 97985",44.913084,-93.254117,321.438.3870x64997,http://www.wilson.com/,Yes
"Edwards, Russo and Lutz Eatery",2.8,743,$,Seafood,"997 Holmes Throughway Suite 839, Minneapolis, MN 48475",44.94411,-93.229336,(570)472-4538x9518,https://www.cooper.com/,Yes
Nelson-Frazier Cafe,4.3,892,$$$$,"Italian, Thai, Vegan","640 Michael Ridges, Minneapolis, MN 84015",44.922675,-93.306296,557.973.9389,https://santos.biz/,No
Rodriguez-Welch Eatery,3.5,707,$$$,Italian,"33390 King Island, Minneapolis, MN 72082",44.930257,-93.282139,(483)461-1061,http://bolton-jones.com/,Yes
Robertson-Wilcox Kitchen,4.0,858,$$$,"Indian, Thai","368 David Track, Minneapolis, MN 27397",45.049218,-93.329845,513-570-2171x7164,http://young-randolph.com/,No
Gutierrez Group Eatery,3.8,802,$$$$,"Thai, Mexican, Vegan","3780 Hill Hills, Minneapolis, MN 02799",44.907118,-93.24199,974-696-3763,https://robinson.info/,No
"Briggs, Campbell and Hickman Cafe",4.7,954,$,American,"909 Thomas Station Apt. 927, Minneapolis, MN 66709",44.941457,-93.289374,(758)775-4709x3158,http://www.yates.com/,No
"York, Hammond and Day Grill",2.6,367,$,"Mexican, Vegan","05732 Lawrence Squares Apt. 773, Minneapolis, MN 94284",44.907903,-93.257909,001-247-868-7755,https://www.nelson.com/,Yes
"Wang, Krueger and Hensley Cafe",2.6,277,$$$$,Chinese,"87016 Klein Center, Minneapolis, MN 82159",44.989455,-93.290979,(607)240-0574x4692,https://richardson.biz/,No
Bennett and Sons Eatery,3.6,325,$,Thai,"5585 Reed Turnpike, Minneapolis, MN 44228",45.039637,-93.281687,687-929-9680,https://www.english-sullivan.com/,Yes
Robinson-Franklin Diner,2.7,870,$$,Italian,"6836 Wang Cliffs Apt. 853, Minneapolis, MN 54468",45.028,-93.312361,6857287784,http://vargas-coleman.com/,Yes
"Vargas, Shepard and Hale Steakhouse",2.6,821,$$$,"Mexican, Thai","9143 Melissa Dale Suite 432, Minneapolis, MN 77157",44.914073,-93.218893,+1-736-318-2826x736,https://johnson.com/,No
"Ho, Nelson and Cox Grill",3.7,714,$,"Italian, American, Chinese","2811 Christina Villages Suite 064, Minneapolis, MN 24461",44.9463,-93.24771,+1-932-692-7428x9289,https://www.pineda.com/,No
"Thompson, Hayden and Reynolds Steakhouse",3.4,948,$$$,"Thai, Mexican, Italian","91759 Michael Pines Suite 366, Minneapolis, MN 98746",44.967626,-93.259059,503-770-5550,https://james.com/,Yes
Williams-Jackson Grill,4.2,636,$$$,Seafood,"4188 Ramos Locks, Minneapolis, MN 53747",44.979209,-93.209106,(661)229-9375x03836,http://www.wallace-holder.com/,No
Wood-Thompson Steakhouse,2.7,211,$,French,"6025 Rivers Field, Minneapolis, MN 49437",44.907916,-93.295608,242-330-7172,http://www.howard.biz/,No
Yates Ltd Steakhouse,3.6,247,$$$$,Seafood,"720 Erika Shoals Suite 150, Minneapolis, MN 47250",44.989658,-93.293509,(613)353-0870x66592,http://garcia.com/,No
Hanna-Wallace Bistro,4.2,385,$,"Italian, Vegan","3671 Barnes Crossing, Minneapolis, MN 18150",45.01354,-93.233903,(325)802-2088,https://www.chavez.biz/,No
Chapman-Johnson Steakhouse,3.4,488,$$$$,"Vegan, French, Mexican","425 Johns Trail, Minneapolis, MN 12094",44.971972,-93.240005,001-386-274-5698x74951,http://www.carter.com/,Yes
Smith-Sanders Cafe,4.6,643,$$,Indian,"46234 Ford Streets, Minneapolis, MN 78163",44.940694,-93.274617,(515)396-3285x52884,https://www.hall-parker.com/,Yes
"Miller, Pennington and Young Steakhouse",4.1,499,$$,Italian,"096 Lori Roads, Minneapolis, MN 68354",44.92242,-93.282683,001-614-888-9709,https://hansen-rivera.net/,No
"Burke, Smith and Ward Grill",3.8,186,$$,"Indian, Mexican","92683 Morgan Ports Suite 334, Minneapolis, MN 57904",44.972015,-93.30344,208.648.1981x995,https://lopez.com/,No
Miller PLC Kitchen,3.0,850,$$,"Indian, Seafood, French","48529 Courtney Roads Suite 093, Minneapolis, MN 61703",44.907122,-93.347887,(234)867-7208x664,http://www.howard-simmons.com/,Yes
Jones Inc Grill,3.6,384,$,"American, Italian","143 Victoria Haven Apt. 639, Minneapolis, MN 93724",45.006946,-93.275443,001-922-280-4083x751,http://becker-wright.com/,No
Brewer-Acevedo Eatery,4.7,550,$$$$,Seafood,"3548 Michele Port, Minneapolis, MN 74732",44.92446,-93.238365,(423)637-8747,https://campbell.net/,Yes
Anderson and Sons Grill,4.8,777,$,BBQ,"97995 Anthony Ville Suite 399, Minneapolis, MN 28968",45.006186,-93.241955,696-244-8614,https://johnson.org/,Yes
"Hampton, Rodriguez and Hall Diner",2.6,397,$$,Italian,"581 Young Hills Apt. 223, Minneapolis, MN 96911",44.974013,-93.307527,+1-658-900-3705x504,https://martinez.org/,No
Roberts Group Grill,3.7,183,$$,"Mexican, French","71827 Sarah Rapids Apt. 136, Minneapolis, MN 88986",45.017805,-93.348544,374.340.3022,http://www.bailey-palmer.biz/,Yes
Moore-Rodriguez Bistro,2.7,500,$,"French, Thai","569 Kenneth Park, Minneapolis, MN 62572",44.983202,-93.213784,(922)995-9647,https://www.riddle.com/,No
Wagner Ltd Grill,4.7,137,$$,Vegan,"742 Christopher Forest Suite 980, Minneapolis, MN 68494",44.933214,-93.308867,676-295-9111x5471,http://www.good-johnson.org/,No
"Harrington, Orozco and Lewis Cafe",3.8,813,$$$$,"Vegan, French, Mexican","737 Aaron Lodge Apt. 308, Minneapolis, MN 74201",44.975076,-93.243906,668.696.8722,https://www.shah-robinson.com/,No
Bell-Parrish Steakhouse,3.0,838,$,"Italian, Vegan, French","05207 Carlos Manor Apt. 286, Minneapolis, MN 46317",45.034923,-93.336168,(483)476-7015x570,http://cooper-wood.net/,No
"Davila, Conley and Jacobs Bistro",4.5,939,$$$$,"Vegan, Thai, BBQ","2091 Alexa Unions, Minneapolis, MN 05826",44.909839,-93.227745,869-536-2581x80485,http://www.joseph.com/,Yes
Vaughn and Sons Kitchen,3.4,705,$$$$,"Mexican, Vegan","5884 Williams Unions Suite 437, Minneapolis, MN 81246",44.922414,-93.245367,737-963-4805x0663,http://www.fernandez.biz/,No
Taylor Inc Steakhouse,4.5,751,$$$$,Chinese,"5516 Stephen Underpass, Minneapolis, MN 74606",44.987128,-93.336301,001-433-960-6129x45967,https://www.parker.com/,No
Fisher-Mercer Kitchen,4.3,933,$$$,Mexican,"111 Marshall Hills, Minneapolis, MN 76352",44.989582,-93.223728,826.628.1375x235,http://www.campbell.net/,Yes
Rogers-Acosta Kitchen,3.2,758,$$$$,"Italian, BBQ, Mexican","319 Anderson Mall Suite 289, Minneapolis, MN 80141",45.015324,-93.314865,001-877-871-7984x7470,https://www.cruz.org/,No
"Swanson, Black and Williams Diner",3.3,167,$$,"Thai, Chinese","41378 Wilkinson Highway, Minneapolis, MN 30992",44.953859,-93.234845,615.619.4140,https://www.jimenez.com/,No
Morrison and Sons Kitchen,4.0,371,$$,"French, Indian","76129 Smith Light Apt. 566, Minneapolis, MN 68868",44.923545,-93.343079,+1-674-463-7562x2808,https://thompson.com/,No
Lewis-Collins Eatery,3.8,465,$$$$,Italian,"468 Steve Forks Apt. 107, Minneapolis, MN 57915",44.956849,-93.306906,(366)605-4527x1388,https://stevens.com/,No
Braun Ltd Grill,3.9,251,$$$$,"Seafood, BBQ, Chinese","96945 Michael Track Apt. 899, Minneapolis, MN 42942",44.971004,-93.291607,995-448-8846x87974,http://webster.com/,Yes
Carrillo-Smith Kitchen,3.4,779,$$,"Seafood, Mexican","149 Taylor Crescent Apt. 600, Minneapolis, MN 45578",44.915014,-93.244049,001-391-756-2487x1488,https://www.klein.com/,Yes
Colon-David Eatery,2.7,186,$$,BBQ,"69722 Sullivan Common, Minneapolis, MN 16331",44.933807,-93.265511,(777)374-6610x16109,https://hill.com/,No
"Medina, Hoffman and Callahan Diner",4.9,583,$$$,Seafood,"313 Christina Ferry Apt. 138, Minneapolis, MN 31549",44.893007,-93.232673,+1-682-201-8113,http://www.decker-buckley.com/,No
"Lawson, Baker and Thomas Kitchen",3.9,168,$,"Italian, Mexican","7352 Allen Shores, Minneapolis, MN 18764",44.924875,-93.291365,(658)259-3861,http://gomez.com/,No
"Nash, Krause and Hardy Kitchen",3.5,878,$$$$,French,"337 William Parks Apt. 352, Minneapolis, MN 64610",44.905109,-93.234019,534.994.0061x9543,http://daniels-hogan.biz/,Yes
Washington-Richard Steakhouse,3.9,234,$,"Chinese, American","0322 Davis Causeway, Minneapolis, MN 77548",44.975193,-93.296585,644-373-1620x9953,https://massey-pena.com/,No
Cook-Day Diner,3.6,957,$,Italian,"0890 Scott Land Apt. 533, Minneapolis, MN 57037",44.915836,-93.221096,(430)420-1478,http://garrett.com/,Yes
Taylor-Anthony Diner,2.8,557,$$$$,"Seafood, American, Indian","96668 David Ramp Apt. 399, Minneapolis, MN 94954",44.992851,-93.252005,(433)939-6871x5274,http://douglas.com/,Yes
Williams LLC Steakhouse,4.7,157,$$$$,"Seafood, Vegan, American","722 Arthur Knolls Apt. 554, Minneapolis, MN 85119",44.985121,-93.316052,001-895-770-6702x980,http://brown-miles.info/,Yes
Greene-Horn Cafe,3.3,802,$,"Vegan, Mexican, Chinese","011 Brennan Unions Suite 935, Minneapolis, MN 40444",44.892911,-93.313574,472.722.1830x4415,https://jones-reid.com/,Yes
"Rich, Dixon and Browning Diner",3.5,966,$$$$,"Mexican, American","033 Perry Loaf Suite 450, Minneapolis, MN 14105",44.993475,-93.21044,990-427-3217x896,https://payne.com/,Yes
"Jacobs, Collins and Salazar Cafe",2.7,512,$$$$,"BBQ, Indian","830 Christensen Square, Minneapolis, MN 20088",44.952804,-93.338896,463.901.1826x249,https://www.mcknight.com/,Yes
"Miller, Howell and Little Grill",4.0,282,$$$,"Vegan, Indian","1795 Newman Manor Suite 051, Minneapolis, MN 59758",45.00313,-93.332582,9975446778,http://www.jackson.com/,Yes
Castillo-Davis Kitchen,4.9,529,$,Chinese,"472 Thompson Flat Apt. 903, Minneapolis, MN 29781",44.891578,-93.267867,347.298.1402x6174,http://mcdonald-villarreal.com/,No
Martin-Greene Kitchen,4.3,922,$$$,BBQ,"2514 Joshua Junctions, Minneapolis, MN 26698",44.906804,-93.257648,214-544-6973x56670,https://smith-chapman.info/,Yes
"Anderson, Hudson and Thompson Grill",2.7,699,$,"French, BBQ","33969 Christopher Valleys, Minneapolis, MN 65556",44.935571,-93.333131,488-935-6977x8981,https://wagner-michael.com/,No
Hood Inc Eatery,4.9,614,$$,"Indian, Mexican","64666 David Rue, Minneapolis, MN 18311",44.963433,-93.288976,5335951310,http://byrd-bonilla.org/,No
Marshall LLC Steakhouse,3.7,299,$$,Mexican,"60631 Simmons Station, Minneapolis, MN 74811",45.000634,-93.347539,5692112289,https://www.fox.net/,Yes
"Smith, Jimenez and Morgan Cafe",3.8,767,$$$,Seafood,"57166 Dawn Divide Suite 011, Minneapolis, MN 96091",44.902859,-93.216911,784.453.9993x27014,https://white-johnson.biz/,Yes
Hernandez-Blake Eatery,4.0,738,$$$,Indian,"6180 Joseph Crescent Suite 141, Minneapolis, MN 66236",44.975626,-93.213731,232-479-9145x517,https://www.smith-salas.com/,Yes
"Green, Hughes and White Cafe",5.0,826,$$,American,"377 Garcia Crest, Minneapolis, MN 71751",44.996986,-93.338541,293-388-5022,https://www.waller-morrow.biz/,No
Johnston LLC Kitchen,4.1,509,$$$$,"Italian, Vegan, Seafood","32616 Ryan Freeway, Minneapolis, MN 96437",44.930196,-93.335143,001-552-899-6470x01761,http://green.org/,Yes
Coleman Group Diner,3.4,444,$$$$,BBQ,"9791 Parker Trace, Minneapolis, MN 58128",44.96476,-93.239595,+1-550-287-9801,https://jennings.biz/,Yes
"Cox, Reyes and Berg Bistro",3.6,178,$,"Thai, Mexican, BBQ","86052 Ferrell Summit Apt. 858, Minneapolis, MN 65064",44.94126,-93.292528,+1-391-892-1638,http://nguyen-perry.biz/,Yes
Fox-Stewart Eatery,3.0,339,$$,Seafood,"0099 Jonathan Isle, Minneapolis, MN 79760",45.017602,-93.249637,4626636309,https://www.herrera-walker.com/,No
Scott-Ford Bistro,4.5,633,$$$$,Mexican,"512 Amy Hollow Apt. 727, Minneapolis, MN 60954",45.022593,-93.232527,467.919.7648,http://watson.com/,No
"Lee, Bennett and Martinez Bistro",3.4,6,$$,"Seafood, Chinese","87514 Hall Street, Minneapolis, MN 40286",44.92045,-93.285358,(733)301-5495x076,http://peters.info/,Yes
Combs Inc Diner,4.6,90,$$$,"Chinese, BBQ, American","273 Gabriel Passage Apt. 873, Minneapolis, MN 83466",44.931922,-93.241199,+1-983-550-6264,https://www.camacho.biz/,No
Willis Group Steakhouse,4.7,322,$$,Seafood,"007 Kim Fort, Minneapolis, MN 24716",44.938963,-93.319589,(486)488-7147x114,http://bates-dennis.com/,No
Smith-Crawford Kitchen,3.2,781,$$$,"Seafood, French","880 Rice View, Minneapolis, MN 11835",44.927071,-93.316854,506-232-3995,https://howard.com/,No
Stein PLC Eatery,3.0,246,$$$$,"Thai, Vegan","36316 Joseph Lakes Apt. 083, Minneapolis, MN 90062",44.922053,-93.344671,+1-856-206-5068x117,https://www.lang-miller.com/,Yes
Olson-Carrillo Steakhouse,3.7,904,$$$$,Thai,"82655 Fernando Extensions Suite 780, Minneapolis, MN 12177",45.040736,-93.344089,(680)480-8015x32043,http://www.hester-nash.com/,Yes
Thompson LLC Cafe,3.5,678,$,"Vegan, Thai","3994 Wood Ways, Minneapolis, MN 30423",44.911226,-93.235324,850.640.2542x25105,http://www.marshall.info/,Yes
"Contreras, Pratt and Perry Diner",3.1,152,$,"Italian, Chinese","188 Jordan Courts Apt. 392, Minneapolis, MN 27682",44.968503,-93.24335,931.218.4479,http://www.bailey.org/,No
Griffin-Cook Grill,3.5,908,$$$,Italian,"9026 Foster Springs Suite 558, Minneapolis, MN 20444",44.915049,-93.300912,001-925-914-3166x94201,http://mendoza.net/,Yes
Sanford Group Grill,3.6,958,$$$,"BBQ, Indian","625 Hector Islands Suite 457, Minneapolis, MN 43826",44.937503,-93.303381,566.514.1039,https://www.williams.com/,Yes
Jordan LLC Cafe,2.7,474,$$,"French, Seafood, Mexican","408 Mark Avenue, Minneapolis, MN 49056",44.97214,-93.318523,771.921.2223x19828,http://martin.org/,No
Lee Group Diner,5.0,38,$$$,"Seafood, BBQ, Thai","30662 Nelson Mill, Minneapolis, MN 15309",44.974835,-93.304894,910.539.9368x6410,http://www.miller-grant.com/,Yes
Howell Inc Cafe,3.4,556,$,"Chinese, BBQ","9371 Alison Island, Minneapolis, MN 57886",44.957455,-93.311498,313-215-0696x37750,http://hughes-stephens.com/,Yes
Brock-Boyd Grill,4.3,558,$$$,"American, Indian, BBQ","7747 Wall Island, Minneapolis, MN 12640",45.000789,-93.226011,583-533-4258x695,https://www.peters.org/,Yes
Elliott LLC Eatery,3.6,163,$$,"Chinese, American","1203 Teresa Avenue Apt. 253, Minneapolis, MN 86216",45.026948,-93.302342,9437430975,https://www.castillo.biz/,Yes
"Wilson, Sanchez and Barron Eatery",4.2,74,$,"Seafood, American","160 Melissa Coves, Minneapolis, MN 90653",44.966937,-93.241694,001-402-473-1718x05085,http://frazier.com/,Yes
"Scott, Hughes and Miller Eatery",3.4,251,$$$$,Italian,"70339 Elizabeth Knolls Suite 729, Minneapolis, MN 22640",45.032376,-93.262246,001-279-408-0487x1918,http://mason-jackson.com/,No
Carroll Ltd Cafe,3.0,386,$$$,Indian,"50936 Alicia Street Apt. 320, Minneapolis, MN 46775",45.015752,-93.302134,001-832-647-8766x11637,https://baker-holder.com/,Yes
Carroll Ltd Eatery,4.6,405,$$$$,"Chinese, Italian, American","2234 Nicole Stravenue Apt. 037, Minneapolis, MN 92972",45.023784,-93.230576,001-547-230-8675x4916,https://mendoza.info/,Yes
"Baker, Hernandez and Martinez Cafe",4.7,145,$$,"Indian, Italian, Vegan","66054 Cruz Divide Suite 693, Minneapolis, MN 18110",45.044305,-93.299022,200.669.4577x890,http://hayes-thornton.com/,Yes
"Riddle, Estes and Brown Cafe",2.8,152,$,"Mexican, Vegan","980 Erica Trace, Minneapolis, MN 98500",44.918005,-93.323649,995.651.4430x915,https://bell.net/,Yes
"Garcia, Little and Greene Kitchen",5.0,893,$$,"BBQ, French","007 Jackson Plain, Minneapolis, MN 16754",44.906016,-93.294529,(992)241-2738x60690,https://www.oneal.biz/,Yes
"Hernandez, Campos and Conley Kitchen",3.4,113,$$,"BBQ, Vegan, Thai","646 Woods Heights Apt. 235, Minneapolis, MN 98709",45.003182,-93.339433,+1-820-402-7063x7717,http://www.barber-moreno.info/,Yes
Carter LLC Cafe,3.2,188,$,"Seafood, Italian, Chinese","6859 King Loop Suite 644, Minneapolis, MN 60315",44.892718,-93.328138,368.838.5694x5716,http://flowers.biz/,No
"Smith, Green and George Eatery",2.6,282,$$$,Italian,"9034 Farmer Loaf Suite 869, Minneapolis, MN 32969",44.949356,-93.211257,608-753-7129x15093,http://www.payne.com/,No
May-Hernandez Cafe,4.2,499,$$,"Mexican, BBQ","140 Hall Spring, Minneapolis, MN 18707",44.920768,-93.212473,(970)734-6483x95882,http://www.conley.com/,Yes
"Roberts, Villanueva and Carter Diner",4.4,684,$,Thai,"96671 Cummings Drives, Minneapolis, MN 37833",44.902949,-93.209166,(488)407-8492x064,https://mcdonald-barnes.net/,Yes
"Mckenzie, Johnson and Santiago Grill",3.4,599,$$$$,"Chinese, Italian","616 Lori Alley Suite 135, Minneapolis, MN 95141",44.975976,-93.309352,001-798-432-7885,https://bennett.org/,Yes
Griffin-Tucker Steakhouse,4.5,503,$$$$,Mexican,"80616 Thomas Mews Suite 169, Minneapolis, MN 68314",44.924728,-93.270307,+1-423-469-9259x13514,http://smith-williams.info/,Yes
"Garcia, Shaffer and Walters Cafe",4.6,886,$,"Chinese, BBQ","77203 Zamora Coves, Minneapolis, MN 78543",44.916936,-93.248769,(555)619-5019,http://www.stephenson.org/,Yes
"Bryan, Anthony and Simon Diner",3.2,821,$$,"American, Chinese, Vegan","1451 Edward Center, Minneapolis, MN 04108",44.930327,-93.28364,741-419-6048,https://george-smith.com/,No
Brewer-Moore Kitchen,2.8,634,$$,"Thai, Chinese","4465 Gordon Viaduct Suite 842, Minneapolis, MN 64296",44.912757,-93.204858,001-519-457-7205,http://rhodes.net/,No
"Mora, Carroll and Ramirez Bistro",5.0,542,$,"Italian, BBQ, Indian","83124 Jeremy Forks Suite 031, Minneapolis, MN 97156",45.007081,-93.235606,791-761-2311,http://www.moore-young.com/,Yes
Garrett-Wells Grill,4.8,483,$$$$,"BBQ, Thai, Seafood","9382 Solomon Ranch Apt. 069, Minneapolis, MN 64505",45.003528,-93.317398,202-755-5252x7387,https://www.watson.com/,No
Tate-Morrison Bistro,3.8,816,$,Vegan,"99945 Cross Stravenue, Minneapolis, MN 72419",45.034367,-93.208035,(933)399-8630x68018,https://www.williams.com/,Yes
"Price, Collins and Price Grill",3.3,274,$$,Italian,"1362 Rebecca Ford Apt. 421, Minneapolis, MN 92676",44.929815,-93.327513,+1-497-550-7671x367,https://www.moon-perez.com/,Yes
Walsh-Tran Steakhouse,4.1,199,$$$$,"Italian, Chinese","80739 Lyons Ways, Minneapolis, MN 62395",44.904069,-93.300636,001-586-266-0650x50192,https://clark.com/,Yes
Patel LLC Cafe,4.9,817,$$$$,"French, Thai","169 Elizabeth Landing Suite 933, Minneapolis, MN 93120",44.992143,-93.293937,3282901300,https://www.krause.org/,Yes
"Baker, Phillips and Shaffer Cafe",4.1,624,$$$$,Mexican,"65581 Lopez Vista Suite 597, Minneapolis, MN 24197",44.987926,-93.274625,(912)274-2609x7179,https://ferguson.com/,No
Hall-Franklin Kitchen,3.8,207,$$$,"American, Thai","4723 Alan Estate, Minneapolis, MN 98307",45.044122,-93.245865,912-897-1718x809,http://hartman.com/,Yes
"Cook, Cabrera and Stark Bistro",4.5,862,$$$$,"Seafood, Chinese","9099 Amber Overpass, Minneapolis, MN 24525",44.917422,-93.247368,001-946-233-2427x8414,https://davis-buckley.com/,No
Oneill-Smith Steakhouse,4.1,497,$$$$,"Chinese, American, French","3335 Patrick Prairie, Minneapolis, MN 92167",45.040038,-93.230365,813-729-9776,https://dickerson.com/,No
Montes-Hall Steakhouse,4.1,983,$$$$,"French, Thai","85838 Joshua Villages Suite 222, Minneapolis, MN 99322",44.923815,-93.311119,369.303.4611,http://rowe.com/,Yes
Torres LLC Bistro,4.4,815,$$$,Seafood,"9645 Gutierrez Union, Minneapolis, MN 96592",44.933392,-93.236048,(806)871-0575,http://payne-morris.net/,Yes
"Austin, Brady and Thompson Kitchen",2.8,72,$,"Mexican, American","8967 Amy Green, Minneapolis, MN 17138",45.042641,-93.342237,001-344-858-6548,http://www.moss.net/,No
"Lee, Klein and Sharp Steakhouse",3.2,839,$,"Mexican, Seafood, Vegan","1985 Paula Inlet Apt. 173, Minneapolis, MN 85096",45.047434,-93.220871,+1-664-543-5402,http://howe.org/,Yes
Stanley Inc Bistro,2.9,275,$,"Seafood, Vegan, French","4468 Matthew Court Apt. 229, Minneapolis, MN 73319",44.98861,-93.306638,877-552-3376,https://www.daniels.com/,Yes
"Flores, Wolfe and Weber Cafe",2.6,172,$$$$,"American, Mexican","6547 Murphy Greens, Minneapolis, MN 37206",44.947882,-93.302687,7586223192,http://garrett-nguyen.com/,No
"Krueger, Martin and Blake Grill",4.2,413,$$$$,"BBQ, Vegan","06298 Jose Fort Apt. 773, Minneapolis, MN 77254",45.012581,-93.217544,(233)706-4432x6758,http://porter.com/,No
"Pruitt, Lopez and Fisher Diner",3.6,340,$,"Chinese, Italian, French","38339 Wiley Manor Suite 291, Minneapolis, MN 95732",45.035392,-93.285064,432.852.0660x8975,http://ingram.com/,Yes
Wilkins-Carlson Kitchen,3.0,822,$$,BBQ,"37458 Brown Junctions, Minneapolis, MN 72677",44.990208,-93.233098,933-928-7799,https://johnson.net/,No
"Winters, Jones and Dennis Grill",4.1,221,$,"BBQ, French, Vegan","413 Veronica Courts, Minneapolis, MN 69318",44.996064,-93.222156,684-616-8513x937,http://www.olson.com/,No
Murphy-Phillips Grill,4.2,555,$$$,"French, Thai, Chinese","91800 Scott Forks, Minneapolis, MN 28354",44.935427,-93.246424,+1-415-884-8707x44042,https://www.cantu.info/,Yes
Williams-Hughes Bistro,2.9,623,$$$,"BBQ, French, Mexican","785 Boyd Summit, Minneapolis, MN 70517",44.898625,-93.273709,787.666.4470x558,https://griffin.com/,Yes
"Colon, Tapia and Mckee Bistro",2.8,159,$$$,Vegan,"566 Anderson Ramp Suite 232, Minneapolis, MN 32224",44.972067,-93.320681,449.824.9786x939,https://robinson.com/,No
Sanchez and Sons Grill,2.7,907,$$$,"Vegan, Chinese","8231 Daniel Drives Suite 822, Minneapolis, MN 12214",45.02976,-93.201588,(704)283-4813,http://chandler.com/,No
Reynolds-Ellison Grill,3.8,902,$,"BBQ, Seafood, Mexican","4664 Shane Prairie Suite 094, Minneapolis, MN 02915",44.996671,-93.309188,809-967-8068x199,http://www.perez.info/,Yes
Wilson Ltd Grill,2.8,760,$$,French,"0334 Gray Centers, Minneapolis, MN 58792",45.016675,-93.20237,774-364-1627,http://www.brown-west.com/,Yes
"Hernandez, Jones and West Cafe",2.9,245,$$$$,"Italian, American","15179 Nathan Locks, Minneapolis, MN 52760",45.025586,-93.222855,+1-613-708-2990x801,http://www.stephens.org/,No
Berg Inc Grill,3.1,505,$,Thai,"98099 Kayla Skyway Suite 007, Minneapolis, MN 90294",45.032503,-93.349256,+1-922-974-9870x9921,http://williamson.com/,No
Nichols Ltd Steakhouse,4.2,347,$,"Indian, Mexican, Chinese","3099 Elliott Dam Suite 961, Minneapolis, MN 80282",44.987901,-93.225287,+1-416-565-4447x97356,http://www.ross.com/,Yes
Washington LLC Diner,3.4,896,$$,"Mexican, Chinese, Italian","3397 Michael Fords, Minneapolis, MN 76046",44.99037,-93.209022,001-506-912-8615x178,https://www.austin.com/,No
"Suarez, Morrow and Bowers Grill",4.0,284,$$$$,French,"2246 Tony Village Suite 955, Minneapolis, MN 58638",45.028433,-93.347073,886.683.3070,https://morgan-cook.com/,No
"Harris, Harper and Stewart Diner",3.0,199,$,"Thai, Mexican","255 Jennifer Ferry Apt. 564, Minneapolis, MN 48473",45.034854,-93.211459,+1-698-828-5977x2530,http://burns-burgess.net/,No
"Salas, Martinez and Wilson Steakhouse",2.9,962,$$$,"American, French","673 George Loop Suite 561, Minneapolis, MN 23763",45.000143,-93.241889,282.867.3339x59641,https://dominguez.com/,Yes
"Hess, Morgan and Matthews Kitchen",5.0,358,$$$$,BBQ,"386 Campbell Drive Suite 390, Minneapolis, MN 13451",45.043674,-93.241881,(792)553-7599x617,https://www.patton.net/,Yes
"Long, Robertson and Griffith Steakhouse",4.2,22,$$,"BBQ, Italian, French","29739 Anthony Motorway Apt. 573, Minneapolis, MN 53732",45.043273,-93.258951,311-327-2898x884,http://www.crawford.org/,Yes
"Horton, Chung and Kelly Cafe",2.5,975,$$$,"Vegan, Mexican, American","29006 Sanders Estates, Minneapolis, MN 11591",45.042252,-93.306401,978.860.8662x4227,http://www.campbell-russell.com/,Yes
"Peters, Marshall and Garrett Diner",3.1,662,$$$$,"Italian, Mexican, Seafood","87638 Fred Ways Apt. 251, Minneapolis, MN 04681",44.941464,-93.326779,295.226.9017x96357,http://stephens-hughes.info/,Yes
Mack-Dillon Steakhouse,4.4,496,$$,"Thai, Italian, Chinese","50461 Julie Mountains Apt. 355, Minneapolis, MN 18419",45.030917,-93.308658,(802)748-1457x097,https://gutierrez.com/,Yes
Jenkins-Daniels Grill,5.0,407,$$,Mexican,"789 Kennedy Parkways Suite 619, Minneapolis, MN 71440",44.950508,-93.246344,(742)814-4804x026,https://www.clark.com/,Yes
Barker-Delacruz Eatery,4.6,175,$$$$,"Seafood, BBQ","8103 Reyes Stream Suite 024, Minneapolis, MN 52008",45.045924,-93.209864,001-983-218-7130x954,http://www.vargas.biz/,Yes
Browning-Daniels Eatery,2.9,502,$$$$,"BBQ, Vegan, Seafood","0684 Tina Groves, Minneapolis, MN 35939",44.926482,-93.326338,613.222.8583,http://www.nguyen.com/,Yes
Mitchell LLC Kitchen,4.0,499,$$$$,French,"44113 Rojas Turnpike, Minneapolis, MN 59775",45.017649,-93.215986,001-210-550-2098,http://lewis-thomas.biz/,No
Rogers PLC Eatery,3.4,762,$$,Indian,"1606 Gutierrez Extension Suite 081, Minneapolis, MN 83071",45.036787,-93.222942,001-979-471-6299x11263,https://mendoza.com/,Yes
Jones Group Bistro,4.1,510,$$$,"Italian, BBQ","8471 Kelly Expressway, Minneapolis, MN 72897",45.034851,-93.25098,313-861-5348,https://gonzalez-diaz.com/,Yes
Thomas-Moore Bistro,2.7,949,$,Italian,"5677 Ronald Village Suite 759, Minneapolis, MN 49473",44.993677,-93.246069,001-609-655-1579x6057,https://lee.com/,Yes
West PLC Grill,4.5,424,$$$$,"Vegan, Indian","2643 Alexander Fields, Minneapolis, MN 73973",44.959593,-93.343734,953.398.6056x45492,http://www.hall.com/,No
Woodard-Hines Diner,2.5,164,$$,Italian,"668 Rachel Path, Minneapolis, MN 86684",44.907311,-93.256244,(667)401-4866,https://reid.com/,Yes
"Moreno, Smith and Benton Grill",3.3,693,$$,Vegan,"4735 Smith Fort Suite 067, Minneapolis, MN 15962",44.975136,-93.227131,(726)734-7868,http://www.guerra.org/,Yes
Cook Group Cafe,4.0,631,$$,"Italian, Seafood","36502 Stephen Ports Suite 876, Minneapolis, MN 34904",44.946475,-93.246882,(200)401-9237x155,http://ortiz.com/,No
"Young, Buck and Moore Steakhouse",4.1,724,$$$,"Vegan, Chinese","35233 Green Plains Suite 046, Minneapolis, MN 34677",44.933159,-93.20136,(227)778-8449x9021,http://www.bean-williams.com/,No
Smith-Brown Bistro,2.9,72,$$$,"French, Vegan","9326 Knight Junction, Minneapolis, MN 24341",45.018998,-93.348063,632-686-6116,https://hunter.com/,Yes
"Johnson, Smith and Johnson Cafe",3.5,17,$$$$,"Mexican, Indian","48705 Russell Villages, Minneapolis, MN 93863",45.000382,-93.256234,(730)684-2509x10475,http://www.smith.com/,No
Salazar Inc Bistro,2.5,259,$$,"BBQ, Mexican, American","183 Garza Keys Suite 373, Minneapolis, MN 99507",44.98516,-93.312665,444-714-0330,https://barnes.org/,Yes
"Torres, Huffman and Berry Diner",4.0,139,$$$,Italian,"7643 Bullock Union Suite 127, Minneapolis, MN 47130",44.911668,-93.232171,001-910-831-1847x13998,https://www.smith.info/,Yes
Moss-Kane Grill,4.7,325,$$,"American, Indian","4816 Washington Coves Suite 884, Minneapolis, MN 25148",44.993474,-93.250659,249.213.4750x03420,https://www.wise-medina.com/,Yes
Fischer Inc Bistro,3.1,187,$$$$,Mexican,"4023 Blackwell Spur, Minneapolis, MN 56786",44.946989,-93.221908,(579)399-1657,http://www.black-thompson.biz/,Yes
"Mills, Edwards and Harmon Kitchen",5.0,569,$,Vegan,"2602 Weaver Common, Minneapolis, MN 99735",44.968972,-93.250059,652.493.4146x5553,https://howard.com/,No
"Williams, Smith and Vincent Diner",4.4,154,$$,"Vegan, Chinese","3732 Alexis Landing Apt. 447, Minneapolis, MN 79093",44.967143,-93.239544,385.223.3469x4746,http://holmes.com/,No
"Hill, Bentley and Green Eatery",2.8,617,$,"Seafood, Vegan","6172 Collins Corners Suite 909, Minneapolis, MN 59504",44.938707,-93.216397,957.781.7352x6585,http://www.hamilton.info/,Yes
Adams-Garcia Eatery,3.2,81,$$$$,"Thai, Indian","8827 Deanna Vista Suite 953, Minneapolis, MN 67757",44.928499,-93.300256,(720)832-5373x86268,http://www.cooper.org/,Yes
Kramer Ltd Cafe,4.7,654,$$,"Italian, Indian","99684 Rebecca Haven, Minneapolis, MN 75517",45.00766,-93.237754,+1-564-479-4552x29370,http://www.scott-long.com/,No
Clark and Sons Grill,4.1,664,$,Mexican,"952 Hannah Drive, Minneapolis, MN 10509",44.970637,-93.325627,001-613-822-3862x415,http://lopez-monroe.com/,Yes
"Martin, Torres and Taylor Bistro",2.6,859,$$$$,"Mexican, Indian, Seafood","449 Flores Light, Minneapolis, MN 47490",44.93098,-93.278759,+1-868-513-7650x282,http://www.johnson.com/,No
Davis-Chase Kitchen,2.9,438,$$,Thai,"1816 Mariah Shores Apt. 089, Minneapolis, MN 51454",44.981582,-93.228949,+1-717-867-3066x1461,https://gardner.com/,Yes
Kennedy and Sons Eatery,5.0,789,$$,Seafood,"8548 Lee Crest Apt. 237, Minneapolis, MN 02922",45.046744,-93.241078,+1-971-251-3308x491,https://gutierrez.info/,No
"Macias, Snyder and Moore Bistro",4.0,659,$$$$,"BBQ, Thai, Mexican","5167 Harrington Summit Suite 227, Minneapolis, MN 73906",44.99688,-93.266587,(684)524-1587x2195,https://www.cox.org/,No
"Anthony, Fitzpatrick and Ellis Diner",3.2,477,$,"Seafood, BBQ, Indian","500 Brian Orchard, Minneapolis, MN 08936",44.985183,-93.275194,(678)225-2681x93013,https://hammond-miles.com/,No
"Kaiser, Snow and Brown Steakhouse",4.1,164,$$$,"American, Chinese, French","2149 Julian Trafficway, Minneapolis, MN 56880",45.020996,-93.304904,6716949478,https://wolf-huff.com/,Yes
Green-White Eatery,4.4,250,$$$,Italian,"297 Kennedy Hill, Minneapolis, MN 75173",44.949864,-93.223842,4262818845,http://www.perry.info/,Yes
Barrera-Dunn Steakhouse,3.6,788,$,Mexican,"363 Hannah Light Apt. 306, Minneapolis, MN 19757",45.020992,-93.242184,(315)369-9651,http://www.meyer.info/,Yes
Palmer-Robertson Kitchen,2.9,805,$,"Thai, Chinese","817 Timothy Spur, Minneapolis, MN 17404",45.028994,-93.220892,(552)547-0231,http://potter-smith.com/,Yes
Horne-James Bistro,3.0,538,$$,"BBQ, Italian","16368 Thomas Throughway Suite 215, Minneapolis, MN 94937",45.036876,-93.26693,826-838-2456x188,https://www.young.com/,Yes
Young-Wilson Bistro,3.5,417,$$$$,"Thai, Chinese, BBQ","3625 Thomas Bridge, Minneapolis, MN 15205",45.0058,-93.277191,(312)702-6398x2864,http://www.smith.com/,Yes
"Glenn, Small and Miller Steakhouse",4.5,204,$$$$,"Chinese, Seafood, French","422 Debra Station, Minneapolis, MN 71627",45.033793,-93.331787,607.560.8306,https://jones-harmon.org/,Yes
Russell PLC Eatery,3.8,949,$$$,BBQ,"88495 Derek Cove, Minneapolis, MN 71262",45.01484,-93.209452,(874)303-6702,https://www.thompson-velazquez.org/,No
Robinson Ltd Bistro,4.9,938,$,American,"390 Shannon Lakes Apt. 858, Minneapolis, MN 91357",44.968799,-93.262813,887-402-6498,https://moore.com/,No
"Lopez, King and Johnson Kitchen",3.9,11,$$$,"Indian, Thai, Italian","3494 Roberts Spur, Minneapolis, MN 44735",44.978655,-93.31603,566-924-3043x555,http://www.brown.net/,No
Allen-Henry Bistro,4.6,455,$,BBQ,"649 Rivera Key, Minneapolis, MN 14744",44.973393,-93.281123,728.887.6746,https://carter.info/,No
Powers Inc Grill,4.2,66,$$$$,"Chinese, French, Seafood","32849 Price Corners, Minneapolis, MN 52845",45.024949,-93.30032,001-647-891-1569x1357,http://young-marquez.com/,No
"Garcia, Foster and Cox Eatery",4.0,727,$$,"Thai, Mexican, American","006 Daniel Forest, Minneapolis, MN 31734",44.95789,-93.306293,(471)271-6060,https://www.white-gould.info/,No
Luna and Sons Bistro,4.4,682,$$$$,"Mexican, French, Seafood","525 Dillon Hills, Minneapolis, MN 28144",45.020527,-93.34897,782.758.1890,https://bryan-thompson.com/,Yes
Richmond LLC Steakhouse,3.8,441,$$$$,Mexican,"76815 Leah Branch, Minneapolis, MN 00639",44.95506,-93.270362,001-527-768-9933x3553,http://hart.com/,Yes
Miles and Sons Grill,3.0,423,$$$,Thai,"6189 Ellison Square Suite 786, Minneapolis, MN 08211",44.929541,-93.343767,720.985.0105,https://www.park.com/,No
Williams Ltd Diner,3.5,915,$$$$,"Indian, American","300 Reynolds Station, Minneapolis, MN 33553",45.038918,-93.304366,374.332.5216x958,http://www.nelson.com/,Yes
Rojas-Castro Diner,4.9,220,$$$,"Vegan, American","1159 Stephanie Forest Apt. 339, Minneapolis, MN 08706",44.92023,-93.288491,309-432-2397x31825,http://finley.com/,No
Morris-Randall Grill,2.6,818,$,"French, Vegan, Thai","9281 Kelly Bridge Suite 950, Minneapolis, MN 16132",44.995316,-93.300961,868.218.0333x182,https://www.jackson-luna.com/,No
"Casey, Baker and Martinez Diner",4.4,463,$$$$,"Chinese, Vegan, Italian","698 Vincent Common Apt. 802, Minneapolis, MN 03131",45.003019,-93.274394,(229)453-2979x42707,https://warren.com/,No
Perez Ltd Diner,5.0,568,$,Indian,"91236 Johnson Pines Suite 907, Minneapolis, MN 58159",45.0384,-93.25826,3753660938,https://www.gonzalez-roberson.biz/,Yes
"Lewis, Barton and Cowan Bistro",3.9,633,$$,Indian,"17957 Garrett Freeway Suite 265, Minneapolis, MN 68856",45.048238,-93.297132,(834)868-7719x64035,http://www.coleman.com/,Yes
Luna-Cole Steakhouse,3.7,37,$$,"Indian, Vegan","845 Dan Garden, Minneapolis, MN 56626",45.021949,-93.318981,364.468.3910x69452,http://www.dickson.com/,Yes
Mooney-Rodriguez Diner,3.5,443,$$$,"BBQ, French, American","5279 Torres Islands, Minneapolis, MN 00701",44.914559,-93.340658,302.744.4124,http://www.henderson.com/,No
Evans-Foster Bistro,4.7,585,$$,"Thai, Indian, BBQ","264 Robert Trail, Minneapolis, MN 42994",44.937457,-93.229455,295-570-2066,http://wade.com/,Yes
"Day, Palmer and Knight Steakhouse",5.0,625,$$$$,"Chinese, Vegan","973 Adam Walks, Minneapolis, MN 36854",44.998125,-93.283232,001-278-791-5920x087,http://bailey.info/,Yes
Jones-Barnes Grill,3.9,914,$$,Vegan,"71993 Dean Expressway Apt. 096, Minneapolis, MN 20325",44.951689,-93.318451,4724297016,http://daniels.com/,No
Lutz-Monroe Bistro,4.1,842,$$,"American, Indian, Chinese","54006 Lewis Forges, Minneapolis, MN 19916",44.907905,-93.294888,+1-922-480-1955,http://dunn-cruz.com/,Yes
"Manning, Perez and Parker Grill",3.0,516,$$$$,"American, Italian, Mexican","1911 Scott Road, Minneapolis, MN 88334",45.036119,-93.33829,001-590-838-2530x28678,https://barrett-moore.com/,Yes
"Butler, Sims and Brown Kitchen",3.3,984,$$$,Italian,"3667 Michael Mews Suite 400, Minneapolis, MN 98367",45.00567,-93.228045,(705)313-4232x517,http://cochran-garcia.biz/,No
Smith-Baxter Diner,3.9,645,$$$$,Italian,"38667 Victoria Rapids Suite 712, Minneapolis, MN 44258",44.947949,-93.229795,915-422-3300,http://mitchell-hughes.biz/,No
Harrison Ltd Cafe,4.6,39,$$,"Vegan, Chinese, BBQ","695 Joseph Cliffs, Minneapolis, MN 33130",44.915511,-93.297531,614.912.1722x39181,http://roth-murphy.com/,No
"Saunders, Moore and Bishop Cafe",4.5,408,$,"French, Chinese","346 Rogers Mall, Minneapolis, MN 25851",44.925826,-93.291434,(930)722-6099x0721,https://www.hood.com/,No
Matthews Group Kitchen,3.9,414,$$,"Vegan, Mexican","279 Johnathan Isle Apt. 285, Minneapolis, MN 11397",44.918702,-93.300726,349-570-3164x3561,https://www.alexander.org/,No
"Harding, Villa and Davis Diner",3.8,190,$$$$,"American, Mexican, Italian","1070 Miller Centers, Minneapolis, MN 91667",44.927555,-93.268734,+1-965-548-1344x723,http://www.hill-morris.com/,Yes
"Pearson, Mccoy and Stephenson Bistro",3.3,118,$$,"Chinese, American","356 French Plains Apt. 917, Minneapolis, MN 94902",45.00811,-93.227215,474.423.9184x28720,https://www.tran-watson.com/,No
Chase-Diaz Bistro,2.8,700,$,American,"75282 Gloria Cove, Minneapolis, MN 15654",44.895091,-93.32449,+1-227-749-4712,https://robinson.com/,Yes
"Vasquez, Chavez and Perry Eatery",3.6,699,$,"Seafood, BBQ","75382 Rachel Burg, Minneapolis, MN 72936",45.033495,-93.233431,(423)714-6318,https://scott-young.com/,No
Vasquez and Sons Cafe,2.7,338,$$$,Chinese,"02868 Velez Station, Minneapolis, MN 69535",44.984922,-93.207589,8733649951,http://thompson.com/,Yes
"Dillon, Watkins and Anderson Kitchen",4.4,593,$$,Seafood,"400 Christopher Camp Apt. 614, Minneapolis, MN 03122",45.029889,-93.299519,(438)315-7404x204,http://www.smith.com/,Yes
Harris-Harris Bistro,4.3,107,$,"Indian, Vegan","999 Harris Glens Apt. 760, Minneapolis, MN 44507",44.998577,-93.330232,920.521.7651,https://phillips.org/,No
Kim LLC Eatery,4.6,661,$,"Mexican, French","68928 Philip Estates, Minneapolis, MN 02767",44.953793,-93.200872,(393)403-7982,https://martinez.net/,No
"Smith, Davis and Miller Bistro",4.5,940,$,Chinese,"2894 Mcknight Brook, Minneapolis, MN 29657",44.929298,-93.269718,6512343214,https://wright-brooks.com/,Yes
Cox Group Steakhouse,2.6,305,$$$$,"Indian, Thai","8385 Thomas Turnpike, Minneapolis, MN 43145",45.036601,-93.235336,+1-588-821-6518x82099,https://www.james.com/,No
Duarte LLC Steakhouse,4.6,358,$,"French, BBQ","120 Cook Station Suite 999, Minneapolis, MN 68731",44.957124,-93.34345,001-495-325-5106,http://johnson.com/,No
"Haynes, Chandler and Gonzales Bistro",4.9,18,$$$,Mexican,"312 Barrett Flat, Minneapolis, MN 36013",44.902063,-93.339587,(820)960-8620x40099,https://www.johnson-palmer.org/,Yes
"Lopez, Richards and Smith Grill",3.1,666,$$$$,French,"739 Tate Turnpike, Minneapolis, MN 99199",44.916829,-93.215205,001-719-537-0959x382,https://www.little.org/,No
"Smith, Stewart and Avila Grill",4.2,93,$$$$,"Mexican, Indian, Seafood","1537 Austin Viaduct Apt. 624, Minneapolis, MN 38174",44.984655,-93.204282,873.416.4963,https://allen.biz/,Yes
Benitez-Carter Diner,2.6,687,$,Mexican,"167 David Springs Suite 843, Minneapolis, MN 41178",44.984851,-93.254943,001-695-225-5839,https://bell.info/,No
Smith-Cobb Bistro,3.3,542,$,"Italian, French","6654 Harris Divide Suite 872, Minneapolis, MN 86695",44.990037,-93.259921,691-811-0975x947,http://www.long-lawson.com/,Yes
Mcclain-Carter Bistro,3.3,629,$$$$,Thai,"472 Melissa Drives Suite 894, Minneapolis, MN 60103",44.956314,-93.28488,4594058131,http://www.smith.com/,Yes
Snyder-Hernandez Cafe,4.7,750,$$,"Thai, Chinese","73875 Rebecca Lodge Apt. 928, Minneapolis, MN 60320",45.007925,-93.232085,001-474-647-7378x36441,http://www.thompson-miller.com/,Yes
Juarez-Li Bistro,3.5,36,$$$,"French, Indian","8680 Patrick Greens Apt. 161, Minneapolis, MN 85405",44.937437,-93.315718,(622)345-9154,https://hernandez.com/,Yes
Matthews Ltd Steakhouse,3.3,433,$$,"American, BBQ, Seafood","1927 Marshall Lodge, Minneapolis, MN 84904",45.000731,-93.238475,786.516.2232x869,https://www.moran-rowe.org/,Yes
Lee Inc Kitchen,3.6,291,$,"American, Indian","178 Tiffany Flat, Minneapolis, MN 04713",45.005607,-93.254769,(577)617-8637x6527,http://www.grant.com/,Yes
"Gallegos, Jennings and Robertson Diner",4.4,663,$,American,"7628 Adams Rue, Minneapolis, MN 65538",44.906227,-93.239404,468-601-9131x9018,https://www.rice.com/,No
"Figueroa, Walker and Sims Diner",4.9,525,$,"BBQ, Vegan, Indian","256 Teresa Way, Minneapolis, MN 83763",45.019555,-93.252247,581-311-2437x35385,https://malone.net/,Yes
"Riley, Garcia and Terry Diner",3.0,330,$$$$,"BBQ, Vegan, French","8261 Carlson Groves, Minneapolis, MN 73706",44.892062,-93.302395,001-450-418-5059x48292,https://www.braun.biz/,No
Ayers-Taylor Grill,4.6,183,$$,French,"992 Miller Radial, Minneapolis, MN 29091",44.899998,-93.287472,742-957-4485x411,http://www.valdez.com/,No
"Sullivan, Huerta and Small Grill",4.2,963,$$$$,Italian,"468 Reese Ridge Apt. 552, Minneapolis, MN 63235",44.958652,-93.241814,762.842.0206,https://www.payne.org/,Yes
Smith-Cardenas Bistro,4.5,817,$$,"American, Mexican","5795 David Rapids Suite 702, Minneapolis, MN 84081",44.993305,-93.241469,+1-359-328-2096x143,http://www.jones-davis.com/,No
"Vasquez, Lee and Bartlett Kitchen",2.9,666,$$$,"French, BBQ, Thai","3790 Madison Highway, Minneapolis, MN 02805",44.994198,-93.200499,257.429.9523x66601,https://summers.com/,Yes
Warner-Mcdonald Diner,3.0,187,$$$$,Vegan,"4201 Smith Corner Suite 389, Minneapolis, MN 78706",44.994862,-93.2879,(416)784-0870,https://harris-gilbert.net/,Yes
Allen LLC Bistro,4.5,164,$,"Mexican, Seafood, Italian","0236 Brown Curve Suite 090, Minneapolis, MN 38477",44.942273,-93.214096,756.735.9632,https://francis-benitez.com/,Yes
Cook Ltd Grill,3.9,488,$,"Vegan, BBQ, Chinese","982 Renee Ports, Minneapolis, MN 73693",44.95513,-93.247202,8172986551,http://www.rios.com/,Yes
"Osborn, Sexton and Juarez Diner",4.7,482,$$$,"Indian, American","71241 Morgan Bridge Apt. 235, Minneapolis, MN 37281",44.929973,-93.342939,687.703.1808,http://reyes-cameron.com/,Yes
Moore LLC Steakhouse,4.1,426,$$$,Seafood,"0474 Cassandra Center Apt. 942, Minneapolis, MN 29692",44.930286,-93.327611,(673)255-0087x482,https://tucker-murray.com/,Yes
Campos LLC Grill,2.8,198,$$$$,"BBQ, Seafood","9667 Martin Trace, Minneapolis, MN 98272",44.947251,-93.28367,659.884.4910x6381,http://www.adams.com/,No
King and Sons Bistro,4.9,142,$$,"Vegan, Italian, Thai","33390 Melissa Views Apt. 539, Minneapolis, MN 33013",44.976213,-93.328078,(215)595-8808x52686,https://proctor.info/,Yes
Mendoza-Green Steakhouse,3.9,736,$,"Italian, BBQ","5561 Nguyen Haven, Minneapolis, MN 28617",44.950193,-93.242344,511.250.8720,https://bryant-kelly.net/,No
Campbell Ltd Cafe,2.6,124,$$$,"American, Mexican","9653 John Mission Apt. 948, Minneapolis, MN 45505",44.919983,-93.229979,487-258-5832,https://www.moss.org/,No
Harris Group Kitchen,3.4,525,$$$,Chinese,"037 Timothy Springs, Minneapolis, MN 09500",45.047693,-93.24575,(344)567-0997x81851,https://www.gonzalez.biz/,No
"Cummings, Blair and Decker Steakhouse",3.9,938,$$$$,"BBQ, Chinese","843 Rojas Run Apt. 055, Minneapolis, MN 41500",44.948315,-93.235566,+1-470-669-5513x886,http://davis.com/,No
Shelton Group Diner,3.1,967,$,"Vegan, Chinese","82051 Henry Circle Suite 358, Minneapolis, MN 42864",44.891134,-93.227445,(605)240-3705x115,https://www.young.net/,No
Gonzalez-Hernandez Cafe,3.6,986,$$,Chinese,"767 Walker Island Apt. 769, Minneapolis, MN 23651",45.020347,-93.307224,423-491-7336,https://erickson.com/,Yes
Tucker and Sons Diner,4.9,37,$$,"Thai, Mexican, American","761 Catherine Hills, Minneapolis, MN 28895",44.967202,-93.20148,532-604-0793,http://www.frost-harrison.net/,No
"Perez, Nicholson and Walker Steakhouse",3.6,888,$$$,"Indian, Chinese, BBQ","2429 Jonathan Ramp, Minneapolis, MN 67024",44.999023,-93.239982,386-936-7875x617,https://www.gomez.com/,Yes
"Turner, Morgan and Ayers Diner",3.6,467,$$$,French,"4554 Liu Fork Apt. 648, Minneapolis, MN 79606",44.965151,-93.285687,551-728-8082x656,http://henderson-martin.com/,Yes
Nelson and Sons Steakhouse,3.3,890,$$$$,"Italian, French","83948 Dudley Streets Apt. 006, Minneapolis, MN 75170",45.018438,-93.231577,223-443-5812x9402,https://morris.info/,No
"Walker, Davenport and Stevens Steakhouse",3.6,995,$,"BBQ, Vegan","3859 Pamela Roads, Minneapolis, MN 62574",45.003363,-93.323527,225-807-4119,http://www.warner.com/,Yes
"Alexander, Mccarty and Graham Diner",4.1,240,$,"Italian, BBQ, Chinese","624 Matthew Circles Suite 632, Minneapolis, MN 20109",44.979136,-93.322252,+1-890-245-7056x036,https://lyons-neal.net/,Yes
"Villarreal, Harper and Mccoy Diner",4.9,321,$,"Chinese, American, Vegan","887 Alexander Mountains, Minneapolis, MN 03137",44.963844,-93.261646,399-611-8718,http://padilla.com/,Yes
Williamson Group Cafe,4.9,535,$$,"Thai, BBQ, Vegan","3690 Cannon Rapids, Minneapolis, MN 82701",45.048581,-93.226725,6915637079,http://horn.info/,No
Mcfarland-Vasquez Grill,3.1,788,$,Thai,"7608 Rachel Flats, Minneapolis, MN 64472",44.948609,-93.287971,432.574.2073,https://wright.com/,No
"Wallace, Brown and Glenn Bistro",4.3,163,$,"BBQ, Seafood","0878 Jessica Shore Apt. 984, Minneapolis, MN 79864",44.892683,-93.342704,(328)690-1575x388,http://bennett-shelton.com/,Yes
Kennedy Group Bistro,3.2,205,$$,American,"99581 Williams Creek Suite 595, Minneapolis, MN 58486",44.94153,-93.208816,(433)797-9800,https://www.vasquez-scott.com/,No
Mack-Willis Steakhouse,2.6,519,$,"Chinese, Vegan","71421 Thomas Crescent, Minneapolis, MN 63923",44.905455,-93.22785,7939144351,http://www.davis.com/,No
Wilson Inc Diner,3.9,977,$,BBQ,"8470 Nunez Vista, Minneapolis, MN 61016",44.894347,-93.202956,+1-401-633-9484x4970,https://ross.biz/,No
Rush-Andrews Cafe,4.0,219,$$$$,Vegan,"1212 Mayo Road Apt. 355, Minneapolis, MN 44200",44.89986,-93.293249,3027484510,https://mitchell-krause.com/,No
"Kelly, Taylor and Morales Grill",4.7,224,$,"BBQ, Indian","25859 Gallegos Plains, Minneapolis, MN 52522",45.025009,-93.338977,793-398-1873,https://www.moran.biz/,No
Maldonado-Hernandez Kitchen,2.8,536,$,Chinese,"15380 Wright Tunnel Apt. 849, Minneapolis, MN 59523",45.020014,-93.265391,(368)559-5252x645,http://brooks.org/,No
"Taylor, Mitchell and Hebert Kitchen",4.3,530,$$$$,Italian,"224 Charles Locks Suite 404, Minneapolis, MN 36242",45.020177,-93.244958,001-401-557-5433x8537,http://smith-weeks.com/,No
"Hawkins, Cross and Salazar Eatery",2.9,195,$$,"BBQ, American","74585 Meyer Heights, Minneapolis, MN 91551",44.933714,-93.271265,+1-872-388-5162,https://wolfe-jensen.org/,No
Moore-Ritter Kitchen,2.9,857,$$$,American,"637 Mccarthy Crescent Suite 051, Minneapolis, MN 65733",44.922364,-93.287745,930-573-0520x1995,http://riddle-robbins.com/,No
Campbell-Cooper Grill,4.8,307,$$$,"Italian, American, Indian","056 Little Trail Suite 391, Minneapolis, MN 76974",44.937936,-93.271321,+1-666-641-8093x921,http://www.murillo.com/,Yes
Rosario-Lopez Grill,3.8,248,$$,"American, Mexican","930 Hudson Estates Suite 378, Minneapolis, MN 81110",45.036517,-93.310575,(853)617-4425x7844,http://wood.biz/,Yes
Smith-Pearson Steakhouse,2.7,815,$,"Chinese, Mexican","5151 Montoya Alley Apt. 704, Minneapolis, MN 64072",44.946385,-93.202991,639-406-8118x13798,https://perez-ritter.com/,No
"Nelson, Le and Osborn Kitchen",4.0,865,$$$,"Vegan, American, Thai","400 Douglas Park Suite 474, Minneapolis, MN 75118",45.009195,-93.294287,467-948-5867x3956,http://www.rogers.biz/,Yes
"Wolf, Phillips and Pruitt Cafe",4.9,569,$$$$,Italian,"1607 Ruth Port, Minneapolis, MN 63088",45.018446,-93.279955,001-693-539-1021,https://cobb.com/,Yes
Perez-Arnold Steakhouse,4.2,473,$$$,Vegan,"97087 Boyd Locks, Minneapolis, MN 67163",45.036233,-93.234822,+1-983-584-4811x82214,http://www.figueroa.info/,Yes
"Clark, Harris and Bell Diner",5.0,191,$$$$,"French, Seafood","81629 Dalton Bridge Suite 605, Minneapolis, MN 72342",44.965066,-93.292527,594-816-8966x789,https://www.rollins.net/,Yes
Walker-Webb Grill,3.8,376,$$$$,Vegan,"284 Anthony Cape Suite 306, Minneapolis, MN 92929",44.913463,-93.210476,622-787-0082,https://www.schmidt.org/,No
Watts-Lucas Bistro,2.7,885,$,"BBQ, French","97907 Matthew Spurs Suite 273, Minneapolis, MN 04250",44.922268,-93.254871,001-673-788-8124x96362,https://velez-hendrix.com/,Yes
"Young, Rangel and Gomez Diner",4.1,742,$,"Seafood, BBQ","309 Poole Underpass Suite 798, Minneapolis, MN 43958",45.02123,-93.343899,933.320.6665x143,https://www.howard.biz/,No
"Pena, Powell and Johnson Diner",3.8,112,$$$,"Indian, French","580 Gabriel Landing Suite 189, Minneapolis, MN 10931",44.987111,-93.319043,915-901-4741x550,http://henry.com/,Yes
Martinez and Sons Kitchen,4.8,790,$$,"American, BBQ, Seafood","798 Jeffrey Highway Apt. 894, Minneapolis, MN 15801",44.945116,-93.284627,(429)862-4450x4541,https://www.gray.biz/,No
"Matthews, Wheeler and Collins Cafe",4.3,978,$$,"Mexican, Thai","99701 Morrison Harbor Suite 272, Minneapolis, MN 88678",44.908316,-93.325494,628-946-5801x480,https://perez.net/,Yes
"Villa, Peters and Jarvis Cafe",3.7,326,$$$,"Seafood, Chinese, Mexican","4101 Julia Street, Minneapolis, MN 89350",44.955009,-93.265405,(956)832-3532,https://www.miller-meza.com/,Yes
"Deleon, Wilson and Stanley Grill",3.6,373,$,Mexican,"048 Taylor Highway Apt. 576, Minneapolis, MN 34419",44.935915,-93.262766,7129359945,http://stokes-cantrell.com/,Yes
Greene-Jones Steakhouse,3.0,886,$,Mexican,"318 Richard Island Apt. 561, Minneapolis, MN 59417",44.910652,-93.206338,986-341-2800x698,https://miller-bender.com/,Yes
Jenkins PLC Eatery,2.6,393,$$$$,"Indian, Thai, Mexican","38907 Monica Terrace, Minneapolis, MN 42616",44.983916,-93.259138,001-818-593-4659x99140,http://www.roberts-lee.biz/,No
Gomez-Harris Diner,3.4,620,$,Seafood,"139 Fry Spur Apt. 910, Minneapolis, MN 04134",45.003151,-93.330521,001-318-512-9499x479,https://strong.com/,Yes
Lewis-Logan Steakhouse,3.8,817,$$$$,"Italian, Indian","6982 Nicholas Expressway Suite 793, Minneapolis, MN 03968",44.969936,-93.210994,300.999.5395x34890,http://www.hall-jacobs.net/,No
"Wood, Edwards and Carroll Diner",3.3,15,$$$$,"Thai, American","31991 Oneill Viaduct Suite 946, Minneapolis, MN 66331",44.92279,-93.244461,7032436685,http://jones.com/,No
"Moore, Knight and Hancock Steakhouse",3.6,749,$$$$,French,"2552 Cynthia Mill, Minneapolis, MN 53225",45.001908,-93.204122,433.996.6785,http://delgado.info/,No
Cole and Sons Grill,4.1,604,$$$,Italian,"196 Prince Manor, Minneapolis, MN 65233",44.954475,-93.228301,(537)585-2231,http://little-roberts.com/,Yes
Martinez-Walker Grill,4.6,997,$$$,Thai,"2652 Richardson Cape, Minneapolis, MN 17267",44.970769,-93.271076,001-850-234-0444x88418,http://www.frazier-davis.net/,No
"Strickland, Adams and Hernandez Bistro",3.8,846,$$,Indian,"0074 Osborne Manors Apt. 375, Minneapolis, MN 14791",45.047145,-93.255382,955-762-3663,http://www.smith-williams.com/,No
Hutchinson-Reynolds Eatery,4.4,240,$$$$,BBQ,"663 Faulkner Prairie Suite 507, Minneapolis, MN 36623",44.988243,-93.277016,+1-845-954-6824,http://www.carter.com/,Yes
"Morgan, Thompson and Paul Kitchen",2.9,645,$$$,"Chinese, Thai, Seafood","202 Joshua Divide, Minneapolis, MN 09505",44.985183,-93.334631,+1-739-955-2172x571,http://barnes-mason.com/,Yes
Casey Ltd Cafe,3.4,997,$$,Vegan,"65513 Tammie Shoals Suite 818, Minneapolis, MN 81909",45.01747,-93.210623,242-909-2935,https://www.garcia.org/,No
Smith-Brewer Bistro,2.6,437,$,Indian,"06256 Mitchell Tunnel Suite 027, Minneapolis, MN 60094",44.891035,-93.20343,833-931-5655x606,https://www.fowler.com/,No
Benson Ltd Eatery,4.1,978,$$$,Vegan,"86641 Jessica Viaduct Suite 047, Minneapolis, MN 57744",44.925798,-93.306318,+1-976-443-6880x6549,https://www.woods-long.com/,Yes
Marshall-Sanchez Grill,4.2,698,$$,"Chinese, Vegan, Seafood","3569 Kevin Square Apt. 182, Minneapolis, MN 79104",44.924043,-93.206397,+1-938-400-2159x09300,https://fowler.biz/,Yes
"Little, Ramirez and Kirk Steakhouse",4.0,498,$$$,"American, Thai, Seafood","318 Stewart Glen, Minneapolis, MN 29243",44.992365,-93.317473,370-906-7731x6185,https://crane.com/,Yes
Yates Inc Eatery,2.8,85,$$$,"Indian, Thai, French","9815 Cody Point Apt. 983, Minneapolis, MN 90760",44.890198,-93.210531,+1-621-898-1428,https://www.cook.com/,No
Adams Group Steakhouse,3.3,664,$$$,BBQ,"61949 Darrell Port, Minneapolis, MN 70351",44.999003,-93.304142,384-427-7502x49148,http://jackson.org/,No
Lucas-Mitchell Cafe,2.9,275,$$$,Chinese,"1154 Cynthia Road Suite 626, Minneapolis, MN 50606",44.961691,-93.310393,001-499-235-5978x9184,http://www.martinez.info/,Yes
"Martin, Taylor and Olson Steakhouse",4.3,985,$,Chinese,"44969 Moore Villages Suite 643, Minneapolis, MN 71470",45.012239,-93.253209,001-987-598-8411x002,https://www.wells-gomez.info/,Yes
Edwards Ltd Steakhouse,2.7,910,$$$$,"Vegan, American, BBQ","8800 Stephanie Stravenue Apt. 153, Minneapolis, MN 57172",44.983914,-93.217639,596-418-4617,https://www.mcdonald.com/,Yes
Collins-Simon Diner,4.7,845,$,"Italian, Vegan, Thai","85604 Kyle Center Suite 673, Minneapolis, MN 87868",45.018476,-93.315594,+1-627-713-9936x989,http://sullivan-riddle.com/,No
Richardson PLC Eatery,4.6,626,$$,Indian,"652 Tracy Port, Minneapolis, MN 11619",44.990965,-93.257118,232.461.6403,https://www.mccarty.com/,Yes
Shea-Marsh Diner,4.3,193,$$,"American, Mexican, Italian","25572 Makayla Island Apt. 388, Minneapolis, MN 72324",44.970079,-93.202712,+1-288-532-4830x91651,https://www.reed.com/,Yes
Rose-Brown Grill,3.7,690,$$$,American,"39881 Brian Creek, Minneapolis, MN 45710",44.962452,-93.347051,203.518.6840,http://www.arnold-ward.biz/,Yes
Maldonado-Baldwin Kitchen,3.2,324,$,"Italian, Thai","387 Deanna Loaf Apt. 486, Minneapolis, MN 54660",44.991311,-93.330964,001-525-477-1301,http://www.sanchez-kramer.com/,Yes
Lopez Inc Steakhouse,4.6,24,$,"Italian, French","482 Gibbs Lakes, Minneapolis, MN 43327",44.997406,-93.233722,276-810-2575x42253,https://leblanc.org/,Yes
"Galvan, Watson and Henry Diner",2.8,536,$,Thai,"128 Galloway Stravenue, Minneapolis, MN 47773",44.970265,-93.331608,(813)325-7360x364,http://patterson-harris.com/,Yes
Ellis PLC Eatery,3.4,819,$$$,"Vegan, Chinese","7301 William Streets, Minneapolis, MN 41196",45.043011,-93.240713,+1-471-908-9875x45803,http://buchanan.com/,No
"Morris, Henry and Quinn Grill",4.2,240,$,"Indian, Vegan","658 Adam Port, Minneapolis, MN 28024",44.969841,-93.298637,(697)661-7045x3316,http://www.tyler-stevens.com/,No
Oconnell LLC Diner,4.4,264,$,Mexican,"86785 Roberts Fall Apt. 942, Minneapolis, MN 52161",45.046623,-93.305489,(789)318-6515x63696,https://wilkinson.com/,No
Ramos-Delgado Eatery,3.3,119,$$$$,"BBQ, American","64423 Pearson Squares, Minneapolis, MN 49210",44.963174,-93.222434,+1-769-650-2229x44783,https://www.booth.net/,No
"Key, Sanford and Wright Diner",2.8,752,$$$$,"American, Mexican","552 Shannon Forks, Minneapolis, MN 51044",45.024204,-93.234333,873-556-0203,http://salas-guzman.com/,Yes
"Hamilton, Combs and Saunders Kitchen",4.9,972,$$,"French, Italian, Chinese","36360 Lawrence Orchard Apt. 835, Minneapolis, MN 75195",45.016858,-93.271504,716.870.4978x53369,https://davis-mason.net/,No
Burns Inc Eatery,4.1,580,$$$,"Seafood, Italian, Mexican","94982 Jackson Mill Apt. 243, Minneapolis, MN 29882",45.030536,-93.245395,983-727-8358,https://www.wallace-beard.com/,No
Dudley LLC Eatery,3.7,973,$$$,"Indian, Italian","777 Mccoy Roads, Minneapolis, MN 41545",45.001878,-93.244546,307.863.2930x212,https://burns-jacobs.com/,No
"Nguyen, Dyer and Rios Kitchen",3.7,724,$$,"Chinese, American, BBQ","185 Garcia Stravenue, Minneapolis, MN 84577",44.927831,-93.322557,(960)596-1916x74112,https://www.hayes.com/,No
"Mason, Wright and Johnson Grill",4.6,941,$,Seafood,"872 Melissa Flats, Minneapolis, MN 13951",44.957003,-93.247283,(497)283-7444x0014,http://www.nelson.biz/,Yes
Gibbs-Wolf Steakhouse,3.2,618,$,"Thai, Indian","45831 Amy Inlet, Minneapolis, MN 04711",45.027604,-93.267131,001-898-813-4446x83931,https://harrington.biz/,Yes
Massey Group Steakhouse,2.9,21,$$$,"Italian, American","086 Swanson Rapids Apt. 072, Minneapolis, MN 76752",45.043418,-93.248529,+1-478-638-3616,https://thornton-hooper.com/,Yes
Estrada Ltd Diner,4.1,781,$,"Thai, French, Italian","37634 Herring Glen, Minneapolis, MN 95355",44.928657,-93.331209,(320)555-6513x1492,http://wade.com/,Yes
Rose Ltd Eatery,4.6,340,$,Indian,"2034 Wendy Way Apt. 211, Minneapolis, MN 04497",44.932209,-93.238094,7832637528,http://www.james-sullivan.com/,Yes
White-Austin Eatery,4.5,621,$$,Seafood,"58537 Delgado Corner, Minneapolis, MN 11446",44.964792,-93.202463,+1-335-923-9038x408,https://www.klein.com/,Yes
"Pugh, Rodgers and Sanchez Kitchen",4.3,178,$$$$,"Italian, Thai","960 Bailey Burgs, Minneapolis, MN 11943",44.980332,-93.204468,7287167768,http://www.wright-gordon.com/,Yes
"Lawson, Mitchell and Johnson Steakhouse",3.5,275,$$$$,"Mexican, Seafood","92776 Michael Cove, Minneapolis, MN 83843",44.945564,-93.302094,511.773.3014,https://smith.org/,Yes
"Cochran, Castro and Hale Cafe",4.2,65,$$$,"Mexican, Thai, BBQ","09235 Mahoney Highway, Minneapolis, MN 07228",45.014376,-93.315348,001-816-478-8455x3540,http://lowe-bates.net/,Yes
Cox-Simon Bistro,4.8,267,$$$,"Mexican, American, BBQ","5823 Zuniga Park, Minneapolis, MN 28403",45.037133,-93.205359,+1-832-743-5529x587,https://rhodes-blackwell.com/,No
Gonzales Group Kitchen,2.5,40,$$$,French,"86110 Michael Lakes Apt. 714, Minneapolis, MN 65270",44.979334,-93.263492,402-352-5388x64364,http://taylor-riggs.info/,No
Rodriguez Inc Steakhouse,2.7,13,$$$$,"Mexican, Chinese","723 Michael Ranch Apt. 734, Minneapolis, MN 79647",44.988605,-93.234397,(250)875-6700,http://www.farmer.com/,No
Landry Inc Kitchen,4.7,515,$$,Chinese,"70182 Edwards Track, Minneapolis, MN 81248",44.901494,-93.31451,335.919.7117x4236,http://www.collins-walker.org/,No
Shannon-Finley Kitchen,2.6,31,$$$$,"Seafood, Mexican, BBQ","353 Michael Springs, Minneapolis, MN 63218",45.000593,-93.287284,850-746-2988x14538,http://morales.com/,No
Fisher-Lynch Grill,3.7,876,$$,"Chinese, Italian","677 Karen Motorway Apt. 330, Minneapolis, MN 79124",45.000602,-93.316156,001-591-307-5632,https://king.com/,Yes
Turner-Kemp Diner,4.5,932,$$,"Mexican, Chinese","5592 Kayla Branch Apt. 253, Minneapolis, MN 77798",45.012611,-93.327903,401.689.6125x14500,https://www.allen-castillo.com/,Yes
"Mccann, Harvey and Short Bistro",4.7,85,$$$$,Mexican,"61050 Alexander Villages, Minneapolis, MN 09202",44.916179,-93.274389,+1-898-564-7453,http://garza-valdez.org/,No
Cowan-Sanchez Grill,3.5,381,$$,BBQ,"8733 Lee Squares Apt. 576, Minneapolis, MN 90950",44.938217,-93.257903,+1-504-907-6531x9018,http://www.moore-barnes.com/,Yes
Nguyen-Wilson Cafe,3.5,872,$$$$,"Vegan, French, Mexican","588 Nicole Highway Suite 426, Minneapolis, MN 91036",44.930586,-93.23377,(828)713-7567x06300,http://www.palmer.org/,No
"Hill, Holt and Moore Grill",2.5,258,$$$,"BBQ, Italian, French","78649 Lawrence Highway, Minneapolis, MN 26003",44.920217,-93.258124,+1-621-558-1659x34793,http://obrien.com/,No
Harper Inc Steakhouse,4.6,46,$$$$,Mexican,"984 Eric Vista Suite 341, Minneapolis, MN 02566",44.96958,-93.329344,750.625.3859x1628,https://www.anderson.com/,No
Sanchez and Sons Eatery,3.5,589,$$,"Italian, Indian, Seafood","90246 Reynolds Meadows, Minneapolis, MN 51567",44.911417,-93.343518,365.582.2033x836,http://davis.net/,No
Collins LLC Cafe,4.1,485,$$,BBQ,"59863 Kristin Parkway Apt. 133, Minneapolis, MN 09685",44.907306,-93.204378,9182022014,https://edwards.com/,No
Murphy-Harrison Kitchen,3.7,628,$$$,"French, American","65769 Hale Mills, Minneapolis, MN 99703",44.995285,-93.222815,+1-391-553-0071,http://www.stark.com/,No
"Moore, Stafford and Peterson Kitchen",3.5,503,$$$,"Vegan, Mexican, BBQ","50425 Marks Junction Apt. 542, Minneapolis, MN 44566",45.040133,-93.339225,(272)910-8059,http://www.clements-jackson.com/,No
"Jackson, Pierce and Leon Eatery",3.3,399,$,Thai,"5772 Phillips Stravenue, Minneapolis, MN 25507",44.901645,-93.231584,+1-215-815-6714x0430,https://www.beck.com/,No
Burton Inc Diner,4.9,149,$$,Italian,"060 Holly Station, Minneapolis, MN 98908",44.924441,-93.244816,+1-407-423-5099x1401,https://dorsey-moyer.com/,No
Robles Ltd Eatery,3.4,407,$$$$,"French, BBQ","042 Steven Junctions Apt. 421, Minneapolis, MN 73183",45.009441,-93.315823,7983904480,https://www.bailey.biz/,Yes
Adams-Miller Kitchen,4.6,369,$$,"Thai, Vegan, BBQ","399 Morris Villages Apt. 460, Minneapolis, MN 65118",44.992652,-93.278664,541.302.1218x75227,http://www.williams.biz/,Yes
Wood Group Steakhouse,3.1,698,$$,"Thai, French, Italian","547 Grant Mall, Minneapolis, MN 70597",45.006547,-93.247107,715.303.0929x73443,http://www.cook.com/,Yes
Parker Group Steakhouse,4.7,748,$$,Seafood,"956 Karen Village Suite 462, Minneapolis, MN 18404",45.037451,-93.327704,+1-970-734-6123x4658,http://park.com/,Yes
Weaver-Nixon Diner,4.7,798,$$$,BBQ,"78302 Brady Turnpike, Minneapolis, MN 84598",44.917178,-93.334978,001-795-310-8769x9156,http://www.shah-ward.com/,No
Davis LLC Grill,2.6,868,$$,"Thai, BBQ, Chinese","69678 Isaiah Plains Suite 304, Minneapolis, MN 64794",45.004575,-93.209198,001-552-390-6046,http://greer.com/,Yes
Brooks-Duncan Grill,3.7,757,$$$,"Seafood, American","5051 Myers Track, Minneapolis, MN 38129",45.018126,-93.2541,887.270.5896x98006,http://henry.biz/,Yes
Watts Ltd Grill,3.8,401,$,BBQ,"64839 Katherine Hill Apt. 732, Minneapolis, MN 15260",44.937934,-93.283241,469-316-7726,http://compton-miller.com/,Yes
Navarro-Collier Cafe,3.9,333,$,"French, Thai, Vegan","205 Melendez Camp Apt. 301, Minneapolis, MN 63014",44.912767,-93.31713,653-727-7039x84014,http://www.jackson-gutierrez.com/,Yes
Martin Ltd Diner,3.0,327,$$,Indian,"26242 Sanchez Pass Apt. 091, Minneapolis, MN 47104",44.983912,-93.243359,540.592.6010,https://madden-lane.com/,Yes
"Castro, Butler and Phillips Grill",4.2,874,$,American,"2339 Yesenia Ports Apt. 168, Minneapolis, MN 79742",44.915571,-93.346061,305-719-3508,https://johnson.net/,No
Benson-Davis Kitchen,3.1,667,$$$$,"Italian, French, Mexican","9389 Hansen Squares Apt. 177, Minneapolis, MN 20869",44.902599,-93.270547,(644)932-1524,https://forbes-day.com/,Yes
Martinez-Price Cafe,4.3,277,$$$,Mexican,"360 Connie Ports, Minneapolis, MN 79094",44.927231,-93.268898,(952)419-7668,http://www.underwood.com/,No
Cook Ltd Cafe,5.0,544,$$$,"Seafood, BBQ, Italian","742 Cline Inlet, Minneapolis, MN 35738",44.983085,-93.347628,7975127146,http://roberts.org/,Yes
Boyd PLC Kitchen,4.8,639,$$$,"Indian, Vegan, American","661 Smith Mill, Minneapolis, MN 97454",44.961384,-93.202142,512-322-0989x04060,https://www.marks.org/,No
Murray LLC Grill,4.8,431,$$$$,"Chinese, Thai, American","244 Wilcox Fields, Minneapolis, MN 69442",45.033339,-93.22209,4779106396,https://www.adams-horton.org/,Yes
Ramirez-Daniel Kitchen,4.9,797,$$$$,BBQ,"2681 Harvey View Apt. 999, Minneapolis, MN 58598",44.908377,-93.240748,363.433.2588,https://baxter.net/,No
"Curry, Foster and Gibson Diner",3.9,918,$,"Chinese, Seafood, Indian","5091 Huang Summit Suite 973, Minneapolis, MN 85761",44.966779,-93.293765,001-314-426-0389x5704,https://www.gordon.com/,Yes
Rodriguez-Kent Eatery,2.8,787,$$$$,"Vegan, BBQ","143 Joseph Points Suite 190, Minneapolis, MN 44582",44.946738,-93.227171,821-265-8575,http://www.moran.org/,Yes
Brooks-Fritz Eatery,4.6,696,$$$,"BBQ, Thai","658 Murphy Light Suite 170, Minneapolis, MN 87628",44.911494,-93.266111,740.602.4312x56040,http://www.white.com/,Yes
Davis-Jackson Steakhouse,3.4,577,$$,"French, Italian","342 Hernandez Roads Suite 780, Minneapolis, MN 09304",44.910525,-93.21162,717-787-9702x3715,http://collins.com/,Yes
"Hernandez, Parker and Ward Diner",2.8,649,$$$,"BBQ, Seafood, Italian","24626 Melissa Mountain, Minneapolis, MN 43669",45.037205,-93.201975,964-225-6691x445,http://hicks-hernandez.org/,No
Herrera Inc Bistro,2.7,898,$,"Indian, American, Italian","8893 Danielle Tunnel Suite 788, Minneapolis, MN 66102",44.930447,-93.23251,001-453-923-7847x3913,https://www.whitehead-chapman.info/,No
Williams Group Steakhouse,3.4,51,$$$,"Italian, Indian","50594 Rachel Dam, Minneapolis, MN 64159",44.895583,-93.266722,001-713-337-4731x436,https://burke-kelly.com/,Yes
"Murphy, Johnson and Nelson Kitchen",3.6,353,$$$$,"Thai, Vegan, American","6552 Roach Orchard, Minneapolis, MN 55281",45.041536,-93.225852,+1-375-826-9293x913,https://www.romero.info/,Yes
Griffin LLC Diner,3.3,701,$,Mexican,"81506 King Track, Minneapolis, MN 11934",44.900972,-93.206291,+1-942-890-8472,https://www.smith.com/,No
