Restaurant Name,Rating,Review Count,Price Range,Categories,Street Address,Latitude,Longitude,Phone Number,Website URL
Nolabelle Kitchen + Bar,4.4,117,$$,"Burgers, American, Sandwiches","520 S Front St, Ste 500, Mankato, MN 56001",44.1633024,-94.0072095,15077200841,https://www.yelp.com/biz/nolabelle-kitchen-bar-mankato?adjust_creative=o_RAY0-eNqqkdEgxxTP7Ww&utm_campaign=yelp_api_v3&utm_medium=api_v3_business_search&utm_source=o_RAY0-eNqqkdEgxxTP7Ww
Pagliai's Pizza,4.2,181,$$,"Pizza, Italian, Sandwiches","524 S Front St, Mankato, MN 56001",44.16318415,-94.00707426,15073456080,https://www.yelp.com/biz/pagliais-pizza-mankato?adjust_creative=o_RAY0-eNqqkdEgxxTP7Ww&utm_campaign=yelp_api_v3&utm_medium=api_v3_business_search&utm_source=o_RAY0-eNqqkdEgxxTP7Ww
Pappageorge Restaurant & Bar,4.3,54,$$,"Bars, Steakhouses, American","1028 N Riverfront Dr, Mankato, MN 56001",44.17687988,-93.99424744,15073878974,https://www.yelp.com/biz/pappageorge-restaurant-and-bar-mankato?adjust_creative=o_RAY0-eNqqkdEgxxTP7Ww&utm_campaign=yelp_api_v3&utm_medium=api_v3_business_search&utm_source=o_RAY0-eNqqkdEgxxTP7Ww
Number 4 Steakhouse,3.6,182,$$,"American, Steakhouses, Beer Bar","124 E Walnut, Mankato, MN 56001",44.16606721,-94.00237495,15073441444,https://www.yelp.com/biz/number-4-steakhouse-mankato?adjust_creative=o_RAY0-eNqqkdEgxxTP7Ww&utm_campaign=yelp_api_v3&utm_medium=api_v3_business_search&utm_source=o_RAY0-eNqqkdEgxxTP7Ww
Pub 500,3.8,169,$$,"Pubs, American","500 S Front St, Mankato, MN 56001",44.16373,-94.0068299,15076256500,https://www.yelp.com/biz/pub-500-mankato-2?adjust_creative=o_RAY0-eNqqkdEgxxTP7Ww&utm_campaign=yelp_api_v3&utm_medium=api_v3_business_search&utm_source=o_RAY0-eNqqkdEgxxTP7Ww
Dino's Pizzeria,3.7,92,$$,"Pizza, Italian, Sandwiches","239 Belgrade Ave, North Mankato, MN 56003",44.170027,-94.007495,,https://www.yelp.com/biz/dinos-pizzeria-north-mankato-2?adjust_creative=o_RAY0-eNqqkdEgxxTP7Ww&utm_campaign=yelp_api_v3&utm_medium=api_v3_business_search&utm_source=o_RAY0-eNqqkdEgxxTP7Ww
El Mazatlan Authentic Mexican Restaurant,4,138,$$,Mexican,"1525 Tullamore St, Mankato, MN 56001",44.16739,-93.96776,15076252406,https://www.yelp.com/biz/el-mazatlan-authentic-mexican-restaurant-mankato-2?adjust_creative=o_RAY0-eNqqkdEgxxTP7Ww&utm_campaign=yelp_api_v3&utm_medium=api_v3_business_search&utm_source=o_RAY0-eNqqkdEgxxTP7Ww
India Palace,4.3,107,$$,"Indian, Vegetarian, Vegan","1511 Madison Ave, Ste 100, Mankato, MN 56001",44.1665187,-93.9688318,15076252300,https://www.yelp.com/biz/india-palace-mankato?adjust_creative=o_RAY0-eNqqkdEgxxTP7Ww&utm_campaign=yelp_api_v3&utm_medium=api_v3_business_search&utm_source=o_RAY0-eNqqkdEgxxTP7Ww
Shawarmania Mediterranean Grill,4.6,45,N/A,"Mediterranean, Halal","251 Bunting Ln, Ste 101, Mankato, MN 56001",44.14606,-93.98824,15077797341,https://www.yelp.com/biz/shawarmania-mediterranean-grill-mankato?adjust_creative=o_RAY0-eNqqkdEgxxTP7Ww&utm_campaign=yelp_api_v3&utm_medium=api_v3_business_search&utm_source=o_RAY0-eNqqkdEgxxTP7Ww
Tav On The Ave,3.4,71,$$,American,"1120 Madison Ave, Mankato, MN 56001",44.16729,-93.97727,15073453308,https://www.yelp.com/biz/tav-on-the-ave-mankato?adjust_creative=o_RAY0-eNqqkdEgxxTP7Ww&utm_campaign=yelp_api_v3&utm_medium=api_v3_business_search&utm_source=o_RAY0-eNqqkdEgxxTP7Ww
Ummie's,4.1,37,N/A,American,"530 S Front St, Mankato, MN 56001",44.16304424,-94.00713379,15076258277,https://www.yelp.com/biz/ummies-mankato?adjust_creative=o_RAY0-eNqqkdEgxxTP7Ww&utm_campaign=yelp_api_v3&utm_medium=api_v3_business_search&utm_source=o_RAY0-eNqqkdEgxxTP7Ww
Boulder Tap House,3.7,138,$$,"American, Beer Bar, Chicken Wings","291 St Andrews Dr, Mankato, MN 56001",44.180616,-93.957258,15073441643,https://www.yelp.com/biz/boulder-tap-house-mankato?adjust_creative=o_RAY0-eNqqkdEgxxTP7Ww&utm_campaign=yelp_api_v3&utm_medium=api_v3_business_search&utm_source=o_RAY0-eNqqkdEgxxTP7Ww
Olde Brick House,4.3,30,N/A,"Irish, Irish Pub, Salad","1521 Tullamore St, Mankato, MN 56001",44.167351,-93.968277,15077797690,https://www.yelp.com/biz/olde-brick-house-mankato?adjust_creative=o_RAY0-eNqqkdEgxxTP7Ww&utm_campaign=yelp_api_v3&utm_medium=api_v3_business_search&utm_source=o_RAY0-eNqqkdEgxxTP7Ww
Olives,3.6,100,$$,"Mediterranean, New American","20 Civic Center Plz, Mankato, MN 56001",44.16580673,-94.0056793,15072747010,https://www.yelp.com/biz/olives-by-massads-mankato?adjust_creative=o_RAY0-eNqqkdEgxxTP7Ww&utm_campaign=yelp_api_v3&utm_medium=api_v3_business_search&utm_source=o_RAY0-eNqqkdEgxxTP7Ww
The Loose Moose Saloon & Conference Center,4.4,14,$$,"American, Sandwiches, Burgers","119 S Front St, Mankato, MN 56001",44.16669,-94.0028899,15073451446,https://www.yelp.com/biz/the-loose-moose-saloon-and-conference-center-mankato?adjust_creative=o_RAY0-eNqqkdEgxxTP7Ww&utm_campaign=yelp_api_v3&utm_medium=api_v3_business_search&utm_source=o_RAY0-eNqqkdEgxxTP7Ww
Jake's Stadium Pizza,3.8,51,$$,Pizza,"330 Stadium Rd, Mankato, MN 56001",44.14538956,-93.98732758,15073455420,https://www.yelp.com/biz/jakes-stadium-pizza-mankato?adjust_creative=o_RAY0-eNqqkdEgxxTP7Ww&utm_campaign=yelp_api_v3&utm_medium=api_v3_business_search&utm_source=o_RAY0-eNqqkdEgxxTP7Ww
Tandem Bagels,4.3,79,$,"Coffee & Tea, Bagels, Breakfast & Brunch","200 E Walnut St, Mankato, MN 56001",44.16578674,-94.00239563,15077206533,https://www.yelp.com/biz/tandem-bagels-mankato?adjust_creative=o_RAY0-eNqqkdEgxxTP7Ww&utm_campaign=yelp_api_v3&utm_medium=api_v3_business_search&utm_source=o_RAY0-eNqqkdEgxxTP7Ww
Giliberto's Mexican Taco Shop #10,4,29,N/A,"Fast Food, Mexican","625 Madison Ave Mankato Minnesota 56001, Mankato, MN 56001",44.17093,-93.9888,15077200721,https://www.yelp.com/biz/gilibertos-mexican-taco-shop-10-mankato-3?adjust_creative=o_RAY0-eNqqkdEgxxTP7Ww&utm_campaign=yelp_api_v3&utm_medium=api_v3_business_search&utm_source=o_RAY0-eNqqkdEgxxTP7Ww
Flask,3.9,28,N/A,"Tacos, Beer Bar, Pizza","100 E Walnut St, Mankato, MN 56001",44.16645,-94.00312,15077200896,https://www.yelp.com/biz/flask-mankato?adjust_creative=o_RAY0-eNqqkdEgxxTP7Ww&utm_campaign=yelp_api_v3&utm_medium=api_v3_business_search&utm_source=o_RAY0-eNqqkdEgxxTP7Ww
Weggy's on Campus,3.3,91,$,"New American, Burgers","1600 Warren St, Ste 13, Mankato, MN 56001",44.145877,-93.993441,15077206633,https://www.yelp.com/biz/weggys-on-campus-mankato?adjust_creative=o_RAY0-eNqqkdEgxxTP7Ww&utm_campaign=yelp_api_v3&utm_medium=api_v3_business_search&utm_source=o_RAY0-eNqqkdEgxxTP7Ww
Coffee Hag,4.5,121,$,"Coffee & Tea, Vegetarian, Music Venues","329 N Riverfront Dr, Mankato, MN 56001",44.17024591,-93.99996577,15073875533,https://www.yelp.com/biz/coffee-hag-mankato?adjust_creative=o_RAY0-eNqqkdEgxxTP7Ww&utm_campaign=yelp_api_v3&utm_medium=api_v3_business_search&utm_source=o_RAY0-eNqqkdEgxxTP7Ww
Maverick’s Sports Grill,4.3,6,$$,"Sports Bars, Seafood, American","503 South Front St, Mankato, MN 56001",44.16354142,-94.0062707,15077797119,https://www.yelp.com/biz/maverick-s-sports-grill-mankato?adjust_creative=o_RAY0-eNqqkdEgxxTP7Ww&utm_campaign=yelp_api_v3&utm_medium=api_v3_business_search&utm_source=o_RAY0-eNqqkdEgxxTP7Ww
Swiss & Madison,3.7,24,N/A,New American,"920 Madison Ave, Mankato, MN 56001",44.16705688,-93.98149839,15077200818,https://www.yelp.com/biz/swiss-and-madison-mankato?adjust_creative=o_RAY0-eNqqkdEgxxTP7Ww&utm_campaign=yelp_api_v3&utm_medium=api_v3_business_search&utm_source=o_RAY0-eNqqkdEgxxTP7Ww
"1000 Degrees Pizza - Mankato, MN",4,24,N/A,"Pizza, Chicken Wings, Salad","1351 Madison Ave, Mankato, MN 56001",44.16608,-93.97316,15077200956,https://www.yelp.com/biz/1000-degrees-mankato?adjust_creative=o_RAY0-eNqqkdEgxxTP7Ww&utm_campaign=yelp_api_v3&utm_medium=api_v3_business_search&utm_source=o_RAY0-eNqqkdEgxxTP7Ww
La Bamba Mexican Taco House - Taqueria Mexicana,3.9,23,$,Tacos,"501 S Front St, Mankato, MN 56001",44.16349,-94.0061,15077797073,https://www.yelp.com/biz/la-bamba-mexican-taco-house-taqueria-mexicana-mankato?adjust_creative=o_RAY0-eNqqkdEgxxTP7Ww&utm_campaign=yelp_api_v3&utm_medium=api_v3_business_search&utm_source=o_RAY0-eNqqkdEgxxTP7Ww
MC’s Garage,3.7,27,N/A,"Burgers, Salad, Chicken Wings","1861 Adams St, Mankato, MN 56001",44.170142,-93.9518594,15077200298,https://www.yelp.com/biz/mc-s-garage-mankato?adjust_creative=o_RAY0-eNqqkdEgxxTP7Ww&utm_campaign=yelp_api_v3&utm_medium=api_v3_business_search&utm_source=o_RAY0-eNqqkdEgxxTP7Ww
Shogun Sushi And Hibachi,3.2,88,$$,"Japanese, Sushi Bars, Steakhouses","1901 Madison Ave, Ste 315, Mankato, MN 56001",44.16592853,-93.94795009,15077797088,https://www.yelp.com/biz/shogun-sushi-and-hibachi-mankato?adjust_creative=o_RAY0-eNqqkdEgxxTP7Ww&utm_campaign=yelp_api_v3&utm_medium=api_v3_business_search&utm_source=o_RAY0-eNqqkdEgxxTP7Ww
Pita Pit,4,27,$,"Sandwiches, Fast Food, Mediterranean","530 S Front St, Ste 210, Mankato, MN 56001",44.16295796,-94.00726372,15073454444,https://www.yelp.com/biz/pita-pit-mankato?adjust_creative=o_RAY0-eNqqkdEgxxTP7Ww&utm_campaign=yelp_api_v3&utm_medium=api_v3_business_search&utm_source=o_RAY0-eNqqkdEgxxTP7Ww
507 Poke Bowl,4.5,21,N/A,"Ramen, Acai Bowls","501 Holly Ln, Ste 140, Mankato, MN 56001",44.166025,-93.96973,15077200552,https://www.yelp.com/biz/507-poke-bowl-mankato?adjust_creative=o_RAY0-eNqqkdEgxxTP7Ww&utm_campaign=yelp_api_v3&utm_medium=api_v3_business_search&utm_source=o_RAY0-eNqqkdEgxxTP7Ww
Buffalo Wild Wings,2.7,77,$$,"Chicken Wings, American, Sports Bars","301 Saint Andrews Dr, Mankato, MN 56001",44.182,-93.95705491,15073859464,https://www.yelp.com/biz/buffalo-wild-wings-mankato-2?adjust_creative=o_RAY0-eNqqkdEgxxTP7Ww&utm_campaign=yelp_api_v3&utm_medium=api_v3_business_search&utm_source=o_RAY0-eNqqkdEgxxTP7Ww
Tokyo Sushi & Hibachi,3.7,100,$$,"Sushi Bars, Japanese","1829 Adams St, Mankato, MN 56001",44.169534,-93.953588,15073883338,https://www.yelp.com/biz/tokyo-sushi-and-hibachi-mankato?adjust_creative=o_RAY0-eNqqkdEgxxTP7Ww&utm_campaign=yelp_api_v3&utm_medium=api_v3_business_search&utm_source=o_RAY0-eNqqkdEgxxTP7Ww
Los Dos Primos,5,8,N/A,"Mexican, Sports Bars, Seafood","2041 Blazing Star Dr, Mankato, MN 56001",44.156437,-93.945127,15077200575,https://www.yelp.com/biz/los-dos-primos-mankato?adjust_creative=o_RAY0-eNqqkdEgxxTP7Ww&utm_campaign=yelp_api_v3&utm_medium=api_v3_business_search&utm_source=o_RAY0-eNqqkdEgxxTP7Ww
NaKato Bar & Grill,3.5,38,$,"Bars, American","253 Belgrade Ave, North Mankato, MN 56003",44.17,-94.0081938,15073888999,https://www.yelp.com/biz/nakato-bar-and-grill-north-mankato?adjust_creative=o_RAY0-eNqqkdEgxxTP7Ww&utm_campaign=yelp_api_v3&utm_medium=api_v3_business_search&utm_source=o_RAY0-eNqqkdEgxxTP7Ww
Olive Garden Italian Restaurant,3.7,45,$$,"Italian, Salad, Soup","1880 Adams St, Mankato, MN 56001",44.17109127,-93.949897,15073457585,https://www.yelp.com/biz/olive-garden-italian-restaurant-mankato-3?adjust_creative=o_RAY0-eNqqkdEgxxTP7Ww&utm_campaign=yelp_api_v3&utm_medium=api_v3_business_search&utm_source=o_RAY0-eNqqkdEgxxTP7Ww
Dickey's Barbecue Pit,3.4,44,$$,"Barbeque, American","501 Holly Ln, Mankato, MN 56001",44.16606,-93.96965,15076254227,https://www.yelp.com/biz/dickeys-barbecue-pit-mankato?adjust_creative=o_RAY0-eNqqkdEgxxTP7Ww&utm_campaign=yelp_api_v3&utm_medium=api_v3_business_search&utm_source=o_RAY0-eNqqkdEgxxTP7Ww
Oleander Saloon,4.8,4,$$,"Sports Bars, Pizza, Cocktail Bars","701 N Riverfront Dr, Mankato, MN 56001",44.17303,-93.99684,15076254285,https://www.yelp.com/biz/oleander-saloon-mankato?adjust_creative=o_RAY0-eNqqkdEgxxTP7Ww&utm_campaign=yelp_api_v3&utm_medium=api_v3_business_search&utm_source=o_RAY0-eNqqkdEgxxTP7Ww
Massad's,3.8,31,$,Mediterranean,"1850 Adams St, Mankato, MN 56001",44.1729399,-93.95463,15073877111,https://www.yelp.com/biz/massads-mankato?adjust_creative=o_RAY0-eNqqkdEgxxTP7Ww&utm_campaign=yelp_api_v3&utm_medium=api_v3_business_search&utm_source=o_RAY0-eNqqkdEgxxTP7Ww
Zanz Mexican Restaurant,3.6,53,$,Mexican,"1041 E Madison Ave, Mankato, MN 56001",44.16648483,-93.9790802,15073884789,https://www.yelp.com/biz/zanz-mexican-restaurant-mankato?adjust_creative=o_RAY0-eNqqkdEgxxTP7Ww&utm_campaign=yelp_api_v3&utm_medium=api_v3_business_search&utm_source=o_RAY0-eNqqkdEgxxTP7Ww
The Atomic Star Tavern,3.5,18,$,"Bars, American, Burgers","12 Civic Center Plz, Ste 1675, Mankato, MN 56001",44.164822,-94.005308,15077200200,https://www.yelp.com/biz/the-atomic-star-tavern-mankato-2?adjust_creative=o_RAY0-eNqqkdEgxxTP7Ww&utm_campaign=yelp_api_v3&utm_medium=api_v3_business_search&utm_source=o_RAY0-eNqqkdEgxxTP7Ww
Five Guys,4.1,30,$$,"Burgers, Fast Food","1920 Adams St, Mankato, MN 56001",44.17095198,-93.94706913,15077690827,https://www.yelp.com/biz/five-guys-mankato?adjust_creative=o_RAY0-eNqqkdEgxxTP7Ww&utm_campaign=yelp_api_v3&utm_medium=api_v3_business_search&utm_source=o_RAY0-eNqqkdEgxxTP7Ww
Yu's Chinese Cuisine,3,33,$,Chinese,"1633 Monks Ave, Ste 120, Mankato, MN 56001",44.146041,-93.98884,15073899886,https://www.yelp.com/biz/yus-chinese-cuisine-mankato?adjust_creative=o_RAY0-eNqqkdEgxxTP7Ww&utm_campaign=yelp_api_v3&utm_medium=api_v3_business_search&utm_source=o_RAY0-eNqqkdEgxxTP7Ww
Catrine's Mexican Grill and Bar,4,11,N/A,"Mexican, Desserts, Bars","1404 Madison Ave, Mankato, MN 56001",44.167542,-93.971706,15077797222,https://www.yelp.com/biz/catrines-mexican-grill-and-bar-mankato?adjust_creative=o_RAY0-eNqqkdEgxxTP7Ww&utm_campaign=yelp_api_v3&utm_medium=api_v3_business_search&utm_source=o_RAY0-eNqqkdEgxxTP7Ww
Boon’s Backyard BBQ,0,0,N/A,"Food Trucks, Barbeque","Mankato, MN 56001",44.17154875,-93.9910791,15074200074,https://www.yelp.com/biz/boon-s-backyard-bbq-mankato?adjust_creative=o_RAY0-eNqqkdEgxxTP7Ww&utm_campaign=yelp_api_v3&utm_medium=api_v3_business_search&utm_source=o_RAY0-eNqqkdEgxxTP7Ww
Crooked Pint Ale House,2.8,33,N/A,"Tacos, Breakfast & Brunch, Burgers","1850 Madison Ave, Mankato, MN 56001",44.168713,-93.953743,15078104180,https://www.yelp.com/biz/crooked-pint-ale-house-mankato-2?adjust_creative=o_RAY0-eNqqkdEgxxTP7Ww&utm_campaign=yelp_api_v3&utm_medium=api_v3_business_search&utm_source=o_RAY0-eNqqkdEgxxTP7Ww
Wooden Spoon,4.4,5,N/A,"Bakeries, Sandwiches, Desserts","515 N Riverfront Dr, Mankato, MN 56001",44.171601,-93.998515,15073454114,https://www.yelp.com/biz/wooden-spoon-mankato?adjust_creative=o_RAY0-eNqqkdEgxxTP7Ww&utm_campaign=yelp_api_v3&utm_medium=api_v3_business_search&utm_source=o_RAY0-eNqqkdEgxxTP7Ww
China Star,3.4,34,$$,Chinese,"1857 E Madison Ave, Mankato, MN 56001",44.166835,-93.950309,15076258073,https://www.yelp.com/biz/china-star-mankato?adjust_creative=o_RAY0-eNqqkdEgxxTP7Ww&utm_campaign=yelp_api_v3&utm_medium=api_v3_business_search&utm_source=o_RAY0-eNqqkdEgxxTP7Ww
Applebee's Grill + Bar,3.3,38,$$,"American, Sports Bars, Burgers","1900 Adams St, Mankato, MN 56001",44.1708,-93.9482,15072168200,https://www.yelp.com/biz/applebees-grill-bar-mankato?adjust_creative=o_RAY0-eNqqkdEgxxTP7Ww&utm_campaign=yelp_api_v3&utm_medium=api_v3_business_search&utm_source=o_RAY0-eNqqkdEgxxTP7Ww
Jersey Mike's Subs,3.9,14,$,"Fast Food, Delis, Sandwiches","510 South Riverfront Dr, Mankato, MN 56001",44.1643,-94.00815,15077797200,https://www.yelp.com/biz/jersey-mikes-subs-mankato-3?adjust_creative=o_RAY0-eNqqkdEgxxTP7Ww&utm_campaign=yelp_api_v3&utm_medium=api_v3_business_search&utm_source=o_RAY0-eNqqkdEgxxTP7Ww
Rounders,2.8,40,$,"Bars, American","414 S Front St, Mankato, MN 56001",44.164475,-94.006205,15073887767,https://www.yelp.com/biz/rounders-mankato?adjust_creative=o_RAY0-eNqqkdEgxxTP7Ww&utm_campaign=yelp_api_v3&utm_medium=api_v3_business_search&utm_source=o_RAY0-eNqqkdEgxxTP7Ww
Jonny b’s,4.2,18,$$,"American, Sports Bars","1600 Warren St, Ste 17A, Mankato, MN 56001",44.14556221,-93.99303246,15076256276,https://www.yelp.com/biz/jonny-b-s-mankato?adjust_creative=o_RAY0-eNqqkdEgxxTP7Ww&utm_campaign=yelp_api_v3&utm_medium=api_v3_business_search&utm_source=o_RAY0-eNqqkdEgxxTP7Ww
Happy Chef Restaurant,3.5,36,$$,American,"2100 Highway 169 N, Mankato, MN 56001",44.1962471,-94.0203171,15073882953,https://www.yelp.com/biz/happy-chef-restaurant-mankato?adjust_creative=o_RAY0-eNqqkdEgxxTP7Ww&utm_campaign=yelp_api_v3&utm_medium=api_v3_business_search&utm_source=o_RAY0-eNqqkdEgxxTP7Ww
Bosphorus Gyros & Kebabs,4.4,9,N/A,"Mediterranean, Caterers","1850 Adams St, Ste 612, Mankato, MN 56001",44.17261173,-93.95267446,15077206252,https://www.yelp.com/biz/bosphorus-gyros-and-kebabs-mankato?adjust_creative=o_RAY0-eNqqkdEgxxTP7Ww&utm_campaign=yelp_api_v3&utm_medium=api_v3_business_search&utm_source=o_RAY0-eNqqkdEgxxTP7Ww
Mongolian Grill,3.6,46,$,"Chinese, Mongolian","1876 Tailwind Dr, Mankato, MN 56001",44.1674652,-93.9515854,15073884550,https://www.yelp.com/biz/mongolian-grill-mankato?adjust_creative=o_RAY0-eNqqkdEgxxTP7Ww&utm_campaign=yelp_api_v3&utm_medium=api_v3_business_search&utm_source=o_RAY0-eNqqkdEgxxTP7Ww
Noodles and Company,3.1,24,$$,"Salad, Noodles, Pasta Shops","1600 Warren St And Stadium Rd, Mankato, MN 56001",44.14592,-93.99431,15072991882,https://www.yelp.com/biz/noodles-and-company-mankato?adjust_creative=o_RAY0-eNqqkdEgxxTP7Ww&utm_campaign=yelp_api_v3&utm_medium=api_v3_business_search&utm_source=o_RAY0-eNqqkdEgxxTP7Ww
Chankaska Creek Ranch & Winery,4,59,$$,"Wineries, Venues & Event Spaces, Pizza","1179 E Pearl St, Kasota, MN 56050",44.289696,-93.95089,15079310089,https://www.yelp.com/biz/chankaska-creek-ranch-and-winery-kasota?adjust_creative=o_RAY0-eNqqkdEgxxTP7Ww&utm_campaign=yelp_api_v3&utm_medium=api_v3_business_search&utm_source=o_RAY0-eNqqkdEgxxTP7Ww
Wine Cafe,4,8,$$,"Wine Bars, Pizza, Coffee & Tea","301 N Riverfront Dr, Mankato, MN 56001",44.16922855,-94.0007776,15073451516,https://www.yelp.com/biz/wine-cafe-mankato?adjust_creative=o_RAY0-eNqqkdEgxxTP7Ww&utm_campaign=yelp_api_v3&utm_medium=api_v3_business_search&utm_source=o_RAY0-eNqqkdEgxxTP7Ww
Bakers Square,3.5,27,$,"American, Desserts, Breakfast & Brunch","1861 Madison Ave, Mankato, MN 56001",44.166175,-93.949905,15073454240,https://www.yelp.com/biz/bakers-square-mankato?adjust_creative=o_RAY0-eNqqkdEgxxTP7Ww&utm_campaign=yelp_api_v3&utm_medium=api_v3_business_search&utm_source=o_RAY0-eNqqkdEgxxTP7Ww
Ten20 Tavern,4.1,14,N/A,New American,"3010 Adams St, Mankato, MN 56001",44.16963837,-93.92543297,,https://www.yelp.com/biz/ten20-tavern-mankato?adjust_creative=o_RAY0-eNqqkdEgxxTP7Ww&utm_campaign=yelp_api_v3&utm_medium=api_v3_business_search&utm_source=o_RAY0-eNqqkdEgxxTP7Ww
Spinners Bar,3.7,6,N/A,"Burgers, Bars, Salad","301 Belgrade Ave, North Mankato, MN 56003",44.16993,-94.00879,15076259751,https://www.yelp.com/biz/spinners-bar-north-mankato?adjust_creative=o_RAY0-eNqqkdEgxxTP7Ww&utm_campaign=yelp_api_v3&utm_medium=api_v3_business_search&utm_source=o_RAY0-eNqqkdEgxxTP7Ww
Plaza Jalisco,3.8,9,N/A,"Mexican, Beer Bar","1123 Range St, North Mankato, MN 56003",44.183043,-94.01033,15077200910,https://www.yelp.com/biz/plaza-jalisco-north-mankato?adjust_creative=o_RAY0-eNqqkdEgxxTP7Ww&utm_campaign=yelp_api_v3&utm_medium=api_v3_business_search&utm_source=o_RAY0-eNqqkdEgxxTP7Ww
Red Lobster,3.4,28,$$,"Seafood, American","1890 E Madison Ave, Mankato, MN 56001",44.16732159,-93.95009102,15072087207,https://www.yelp.com/biz/red-lobster-mankato?adjust_creative=o_RAY0-eNqqkdEgxxTP7Ww&utm_campaign=yelp_api_v3&utm_medium=api_v3_business_search&utm_source=o_RAY0-eNqqkdEgxxTP7Ww
Rapidan Dam Store,4.2,26,$,"American, Specialty Food, Breakfast & Brunch","54116 Glory Ln, Mankato, MN 56001",44.09270735,-94.11015233,15075469997,https://www.yelp.com/biz/rapidan-dam-store-mankato?adjust_creative=o_RAY0-eNqqkdEgxxTP7Ww&utm_campaign=yelp_api_v3&utm_medium=api_v3_business_search&utm_source=o_RAY0-eNqqkdEgxxTP7Ww
Bosphorus Gyros & Kebabs,4.5,4,N/A,Greek,"551 Belle Ave, Mankato, MN 56001",44.16558439,-93.97266604,15077797022,https://www.yelp.com/biz/bosphorus-gyros-and-kebabs-mankato-2?adjust_creative=o_RAY0-eNqqkdEgxxTP7Ww&utm_campaign=yelp_api_v3&utm_medium=api_v3_business_search&utm_source=o_RAY0-eNqqkdEgxxTP7Ww
Gary's Pizza,3.3,17,$$,"Pizza, Salad, Italian","923 S Front St, Mankato, MN 56001",44.16022873,-94.01197815,15073881233,https://www.yelp.com/biz/garys-pizza-mankato?adjust_creative=o_RAY0-eNqqkdEgxxTP7Ww&utm_campaign=yelp_api_v3&utm_medium=api_v3_business_search&utm_source=o_RAY0-eNqqkdEgxxTP7Ww
The 507,2.9,21,N/A,New American,"526 S Front St, Mankato, MN 56001",44.16321,-94.00732,15073455070,https://www.yelp.com/biz/the-507-mankato?adjust_creative=o_RAY0-eNqqkdEgxxTP7Ww&utm_campaign=yelp_api_v3&utm_medium=api_v3_business_search&utm_source=o_RAY0-eNqqkdEgxxTP7Ww
New Great Wall,3.5,19,$,"Chinese, Chicken Wings","1814 Commerce Dr, North Mankato, MN 56003",44.17970632,-94.04002926,15073455758,https://www.yelp.com/biz/new-great-wall-north-mankato?adjust_creative=o_RAY0-eNqqkdEgxxTP7Ww&utm_campaign=yelp_api_v3&utm_medium=api_v3_business_search&utm_source=o_RAY0-eNqqkdEgxxTP7Ww
Sadaka’s Deli,4.3,3,N/A,Delis,"1400 Madison Ave, Ste 626, Mankato, MN 56001",44.16957344,-93.97146149,15077797191,https://www.yelp.com/biz/sadaka-s-deli-mankato?adjust_creative=o_RAY0-eNqqkdEgxxTP7Ww&utm_campaign=yelp_api_v3&utm_medium=api_v3_business_search&utm_source=o_RAY0-eNqqkdEgxxTP7Ww
Hunan Garden,3.5,16,$,"Chinese, Soup","408 Belgrade Ave, North Mankato, MN 56003",44.170511,-94.011568,15076258199,https://www.yelp.com/biz/hunan-garden-north-mankato?adjust_creative=o_RAY0-eNqqkdEgxxTP7Ww&utm_campaign=yelp_api_v3&utm_medium=api_v3_business_search&utm_source=o_RAY0-eNqqkdEgxxTP7Ww
Slim Chickens,2.8,23,N/A,"Southern, Salad, Sandwiches","1700 Madison Ave, Mankato, MN 56001",44.16724,-93.95943,15079335144,https://www.yelp.com/biz/slim-chickens-mankato?adjust_creative=o_RAY0-eNqqkdEgxxTP7Ww&utm_campaign=yelp_api_v3&utm_medium=api_v3_business_search&utm_source=o_RAY0-eNqqkdEgxxTP7Ww
Pizza Ranch,2.6,32,$$,"Pizza, Food Delivery Services, Buffets","1551 Tullamore St, Mankato, MN 56001",44.16741943,-93.96705627,15073867077,https://www.yelp.com/biz/pizza-ranch-mankato?adjust_creative=o_RAY0-eNqqkdEgxxTP7Ww&utm_campaign=yelp_api_v3&utm_medium=api_v3_business_search&utm_source=o_RAY0-eNqqkdEgxxTP7Ww
Toppers Pizza,2.9,31,$,Pizza,"1101 S Front St, Mankato, MN 56001",44.15977176,-94.01405,15073868282,https://www.yelp.com/biz/toppers-pizza-mankato?adjust_creative=o_RAY0-eNqqkdEgxxTP7Ww&utm_campaign=yelp_api_v3&utm_medium=api_v3_business_search&utm_source=o_RAY0-eNqqkdEgxxTP7Ww
Panera Bread,2.9,25,$,"Sandwiches, Salad, Soup","1901 Madison Ave, Ste 200, Mankato, MN 56001",44.16631896,-93.94830053,15073877694,https://www.yelp.com/biz/panera-bread-mankato?adjust_creative=o_RAY0-eNqqkdEgxxTP7Ww&utm_campaign=yelp_api_v3&utm_medium=api_v3_business_search&utm_source=o_RAY0-eNqqkdEgxxTP7Ww
Jersey Mike's Subs,3.4,21,$,"Sandwiches, Fast Food, Delis","1924 Adams St, Mankato, MN 56001",44.17086644,-93.94718876,15076258454,https://www.yelp.com/biz/jersey-mikes-subs-mankato-2?adjust_creative=o_RAY0-eNqqkdEgxxTP7Ww&utm_campaign=yelp_api_v3&utm_medium=api_v3_business_search&utm_source=o_RAY0-eNqqkdEgxxTP7Ww
Erbert and Gerbert's,3.3,14,$,"Sandwiches, Soup, Salad","1780 Madison Ave, Mankato, MN 56001",44.1673,-93.95824,15073851919,https://www.yelp.com/biz/erbert-and-gerberts-mankato-2?adjust_creative=o_RAY0-eNqqkdEgxxTP7Ww&utm_campaign=yelp_api_v3&utm_medium=api_v3_business_search&utm_source=o_RAY0-eNqqkdEgxxTP7Ww
Papa Murphy's,4.3,4,N/A,Pizza,"510 South Riverfront Dr, Mankato, MN 56001",44.16421755,-94.00835687,15076255757,https://www.yelp.com/biz/papa-murphys-mankato?adjust_creative=o_RAY0-eNqqkdEgxxTP7Ww&utm_campaign=yelp_api_v3&utm_medium=api_v3_business_search&utm_source=o_RAY0-eNqqkdEgxxTP7Ww
Chipotle Mexican Grill,3.7,11,$,"Mexican, Fast Food","1600 Warren St, Ste 1, Mankato, MN 56001",44.14616878,-93.99393677,15073881222,https://www.yelp.com/biz/chipotle-mexican-grill-mankato?adjust_creative=o_RAY0-eNqqkdEgxxTP7Ww&utm_campaign=yelp_api_v3&utm_medium=api_v3_business_search&utm_source=o_RAY0-eNqqkdEgxxTP7Ww
Domino's Pizza,2.6,14,$,"Pizza, Chicken Wings, Sandwiches","814 N Riverfront Dr, Mankato, MN 56001",44.17466,-93.99639,15076253666,https://www.yelp.com/biz/dominos-pizza-mankato-2?adjust_creative=o_RAY0-eNqqkdEgxxTP7Ww&utm_campaign=yelp_api_v3&utm_medium=api_v3_business_search&utm_source=o_RAY0-eNqqkdEgxxTP7Ww
Sweet Spot,3.6,9,N/A,"Bubble Tea, Waffles, Ice Cream & Frozen Yogurt","527 S Front St, Mankato, MN 56001",44.162874,-94.006763,,https://www.yelp.com/biz/sweet-spot-mankato?adjust_creative=o_RAY0-eNqqkdEgxxTP7Ww&utm_campaign=yelp_api_v3&utm_medium=api_v3_business_search&utm_source=o_RAY0-eNqqkdEgxxTP7Ww
El Jefe's Taco Truck,4.9,11,N/A,"Tacos, Food Trucks","9400 49th Ave N, Minneapolis, MN 55428",45.04415,-93.39934,16127102743,https://www.yelp.com/biz/el-jefes-taco-truck-minneapolis?adjust_creative=o_RAY0-eNqqkdEgxxTP7Ww&utm_campaign=yelp_api_v3&utm_medium=api_v3_business_search&utm_source=o_RAY0-eNqqkdEgxxTP7Ww
Taco John's,3.1,7,$,"Mexican, Fast Food","1040 Madison Ave, Mankato, MN 56001",44.16711,-93.97959217,15073868226,https://www.yelp.com/biz/taco-johns-mankato?adjust_creative=o_RAY0-eNqqkdEgxxTP7Ww&utm_campaign=yelp_api_v3&utm_medium=api_v3_business_search&utm_source=o_RAY0-eNqqkdEgxxTP7Ww
Wakai's Asian Fusion,3,18,N/A,"Asian Fusion, Chinese, Thai","1600 Warren St, Mankato, MN 56001",44.14606,-93.99386,15077200095,https://www.yelp.com/biz/wakais-asian-fusion-mankato?adjust_creative=o_RAY0-eNqqkdEgxxTP7Ww&utm_campaign=yelp_api_v3&utm_medium=api_v3_business_search&utm_source=o_RAY0-eNqqkdEgxxTP7Ww
Giliberto's Mexican Taco Shop 10 - Mankato,0,0,N/A,"New Mexican Cuisine, Desserts, Tacos","625 Madison Ave, Mankato, MN 56001",44.17093,-93.9888,16052712013,https://www.yelp.com/biz/gilibertos-mexican-taco-shop-10-mankato-mankato?adjust_creative=o_RAY0-eNqqkdEgxxTP7Ww&utm_campaign=yelp_api_v3&utm_medium=api_v3_business_search&utm_source=o_RAY0-eNqqkdEgxxTP7Ww
KFC,1.6,29,$,"Chicken Wings, Fast Food, Chicken Shop","1110 Madison Ave, Mankato, MN 56001",44.167247,-93.977805,15073873611,https://www.yelp.com/biz/kfc-mankato-3?adjust_creative=o_RAY0-eNqqkdEgxxTP7Ww&utm_campaign=yelp_api_v3&utm_medium=api_v3_business_search&utm_source=o_RAY0-eNqqkdEgxxTP7Ww
Potbelly Sandwich Shop,3.5,13,N/A,"Fast Food, Sandwiches, Salad","1859 Madison Ave, Mankato, MN 56001",44.16592293,-93.95046854,15073881860,https://www.yelp.com/biz/potbelly-sandwich-shop-mankato?adjust_creative=o_RAY0-eNqqkdEgxxTP7Ww&utm_campaign=yelp_api_v3&utm_medium=api_v3_business_search&utm_source=o_RAY0-eNqqkdEgxxTP7Ww
Perkins Restaurant & Bakery,2.2,28,$$,"Breakfast & Brunch, Bakeries, American","1790 Madison Ave, Mankato, MN 56001",44.16718925,-93.95681217,15073851595,https://www.yelp.com/biz/perkins-restaurant-and-bakery-mankato?adjust_creative=o_RAY0-eNqqkdEgxxTP7Ww&utm_campaign=yelp_api_v3&utm_medium=api_v3_business_search&utm_source=o_RAY0-eNqqkdEgxxTP7Ww
Chipotle Mexican Grill,2.4,37,$,"Mexican, Fast Food","1851 Madison Ave, Ste 100, Mankato, MN 56001",44.16620198,-93.95139876,15073851883,https://www.yelp.com/biz/chipotle-mexican-grill-mankato-2?adjust_creative=o_RAY0-eNqqkdEgxxTP7Ww&utm_campaign=yelp_api_v3&utm_medium=api_v3_business_search&utm_source=o_RAY0-eNqqkdEgxxTP7Ww
Mankato Playhouse,4,2,N/A,"Performing Arts, Dinner Theater","12 Civic Center Plz, Ste 1700, Mankato, MN 56001",44.164354,-94.005364,15073171245,https://www.yelp.com/biz/mankato-playhouse-mankato?adjust_creative=o_RAY0-eNqqkdEgxxTP7Ww&utm_campaign=yelp_api_v3&utm_medium=api_v3_business_search&utm_source=o_RAY0-eNqqkdEgxxTP7Ww
Alpine Bistro,4.7,3,N/A,"Coffee & Tea, Breakfast & Brunch, Sandwiches","530 N Riverfront Dr, Mankato, MN 56001",44.1720739,-93.9985668,15075142872,https://www.yelp.com/biz/alpine-bistro-mankato?adjust_creative=o_RAY0-eNqqkdEgxxTP7Ww&utm_campaign=yelp_api_v3&utm_medium=api_v3_business_search&utm_source=o_RAY0-eNqqkdEgxxTP7Ww
Mi Pueblo -  North Mankato,4.7,3,N/A,"Mexican, Bars","1754 Commerce Dr, North Mankato, MN 56003",44.17933194,-94.0378544,15077200276,https://www.yelp.com/biz/mi-pueblo-north-mankato-north-mankato?adjust_creative=o_RAY0-eNqqkdEgxxTP7Ww&utm_campaign=yelp_api_v3&utm_medium=api_v3_business_search&utm_source=o_RAY0-eNqqkdEgxxTP7Ww
Wendy's,2.1,24,$,"Burgers, Fast Food","1545 Madison Avenue, Mankato, MN 56001",44.166369,-93.965423,15076251888,https://www.yelp.com/biz/wendys-mankato-2?adjust_creative=o_RAY0-eNqqkdEgxxTP7Ww&utm_campaign=yelp_api_v3&utm_medium=api_v3_business_search&utm_source=o_RAY0-eNqqkdEgxxTP7Ww
Hardee's,2.8,12,$,"Burgers, Fast Food","1405 Madison Ave, Mankato, MN 56001",44.16658025,-93.97213522,15077200380,https://www.yelp.com/biz/hardees-mankato-2?adjust_creative=o_RAY0-eNqqkdEgxxTP7Ww&utm_campaign=yelp_api_v3&utm_medium=api_v3_business_search&utm_source=o_RAY0-eNqqkdEgxxTP7Ww
Dairy Queen Store,5,2,$,"Ice Cream & Frozen Yogurt, Fast Food, Burgers","25 Stoltzman Rd, Mankato, MN 56001",44.1591492,-94.0146637,15073886451,https://www.yelp.com/biz/dairy-queen-store-mankato?adjust_creative=o_RAY0-eNqqkdEgxxTP7Ww&utm_campaign=yelp_api_v3&utm_medium=api_v3_business_search&utm_source=o_RAY0-eNqqkdEgxxTP7Ww
J's Sambusa,4.5,2,N/A,"Ethiopian, Somali, African","503 Belgrade Ave, North Mankato, MN 56003",44.169866,-94.01405,15077206333,https://www.yelp.com/biz/js-sambusa-north-mankato?adjust_creative=o_RAY0-eNqqkdEgxxTP7Ww&utm_campaign=yelp_api_v3&utm_medium=api_v3_business_search&utm_source=o_RAY0-eNqqkdEgxxTP7Ww
Culver's,3.5,15,$,"Fast Food, Burgers, Ice Cream & Frozen Yogurt","1680 Commerce Dr, North Mankato, MN 56003",44.17990673,-94.03350229,15073451680,https://www.yelp.com/biz/culvers-north-mankato?adjust_creative=o_RAY0-eNqqkdEgxxTP7Ww&utm_campaign=yelp_api_v3&utm_medium=api_v3_business_search&utm_source=o_RAY0-eNqqkdEgxxTP7Ww
Crisp & Green,4,1,N/A,"Salad, Juice Bars & Smoothies, Acai Bowls","1351 Madison Ave, Mankato, MN 56001",44.16615363,-93.97357,15073047272,https://www.yelp.com/biz/crisp-and-green-mankato?adjust_creative=o_RAY0-eNqqkdEgxxTP7Ww&utm_campaign=yelp_api_v3&utm_medium=api_v3_business_search&utm_source=o_RAY0-eNqqkdEgxxTP7Ww
Culver's,2,27,$$,"Burgers, Fast Food, Ice Cream & Frozen Yogurt","1856 Madison Ave, Mankato, MN 56001",44.16735,-93.95342,15073441554,https://www.yelp.com/biz/culvers-mankato?adjust_creative=o_RAY0-eNqqkdEgxxTP7Ww&utm_campaign=yelp_api_v3&utm_medium=api_v3_business_search&utm_source=o_RAY0-eNqqkdEgxxTP7Ww
Noodles and Company,5,1,N/A,"Salad, Noodles, Pasta Shops","1930 Adams St, Unit 3, Mankato, MN 56001",44.17077,-93.9470595,15077690600,https://www.yelp.com/biz/noodles-and-company-mankato-2?adjust_creative=o_RAY0-eNqqkdEgxxTP7Ww&utm_campaign=yelp_api_v3&utm_medium=api_v3_business_search&utm_source=o_RAY0-eNqqkdEgxxTP7Ww
Casey's,4,2,N/A,Pizza,"2001 N Riverfront Dr, Mankato, MN 56001",44.18666479,-93.98315485,15073877375,https://www.yelp.com/biz/caseys-mankato?adjust_creative=o_RAY0-eNqqkdEgxxTP7Ww&utm_campaign=yelp_api_v3&utm_medium=api_v3_business_search&utm_source=o_RAY0-eNqqkdEgxxTP7Ww
Cinco De Mayo,3.2,5,N/A,Mexican,"302 Stadium Rd, Mankato, MN 56001",44.14522619,-93.9887241,15077797220,https://www.yelp.com/biz/cinco-de-mayo-mankato?adjust_creative=o_RAY0-eNqqkdEgxxTP7Ww&utm_campaign=yelp_api_v3&utm_medium=api_v3_business_search&utm_source=o_RAY0-eNqqkdEgxxTP7Ww
McDonald's,2.8,18,$,"Fast Food, Burgers, Coffee & Tea","150 W Lind Ct, Mankato, MN 56001",44.1900551,-94.01471168,15076257199,https://www.yelp.com/biz/mcdonalds-mankato?adjust_creative=o_RAY0-eNqqkdEgxxTP7Ww&utm_campaign=yelp_api_v3&utm_medium=api_v3_business_search&utm_source=o_RAY0-eNqqkdEgxxTP7Ww
Jimmy John's,2.5,15,$,"Sandwiches, Fast Food, Delis","511 Holly Ln, Ste. 130, Mankato, MN 56001",44.1662004,-93.9694694,15077797557,https://www.yelp.com/biz/jimmy-johns-mankato-2?adjust_creative=o_RAY0-eNqqkdEgxxTP7Ww&utm_campaign=yelp_api_v3&utm_medium=api_v3_business_search&utm_source=o_RAY0-eNqqkdEgxxTP7Ww
JDs Hideaway,2,10,N/A,"Axe Throwing, Beer Bar, American","12 Civic Center Plz, Ste 1710, Mankato, MN 56001",44.1644124,-94.00560563,,https://www.yelp.com/biz/jds-hideaway-mankato?adjust_creative=o_RAY0-eNqqkdEgxxTP7Ww&utm_campaign=yelp_api_v3&utm_medium=api_v3_business_search&utm_source=o_RAY0-eNqqkdEgxxTP7Ww
Eagles Nest,4.4,8,N/A,Restaurants,"100 N 2nd St, Eagle Lake, MN 56024",44.16456,-93.8818,15072579996,https://www.yelp.com/biz/eagles-nest-eagle-lake?adjust_creative=o_RAY0-eNqqkdEgxxTP7Ww&utm_campaign=yelp_api_v3&utm_medium=api_v3_business_search&utm_source=o_RAY0-eNqqkdEgxxTP7Ww
Panda Express,1.9,45,$$,"Chinese, Fast Food","1810 Madison Ave, Mankato, MN 56001",44.1672512,-93.9560822,15073882308,https://www.yelp.com/biz/panda-express-mankato?adjust_creative=o_RAY0-eNqqkdEgxxTP7Ww&utm_campaign=yelp_api_v3&utm_medium=api_v3_business_search&utm_source=o_RAY0-eNqqkdEgxxTP7Ww
QDOBA Mexican Eats,5,1,N/A,"Mexican, Fast Food","1633 Monks Ave, Ste 150, Mankato, MN 56001",44.1456929,-93.98868151,19522093982,https://www.yelp.com/biz/qdoba-mexican-eats-mankato?adjust_creative=o_RAY0-eNqqkdEgxxTP7Ww&utm_campaign=yelp_api_v3&utm_medium=api_v3_business_search&utm_source=o_RAY0-eNqqkdEgxxTP7Ww
Domino's Pizza,2.4,19,$,"Pizza, Chicken Wings, Sandwiches","300 Stadium Rd, Mankato, MN 56001",44.14518544,-93.98908262,15076257711,https://www.yelp.com/biz/dominos-pizza-mankato-3?adjust_creative=o_RAY0-eNqqkdEgxxTP7Ww&utm_campaign=yelp_api_v3&utm_medium=api_v3_business_search&utm_source=o_RAY0-eNqqkdEgxxTP7Ww
Pizza Hut,2.1,16,$,"Pizza, Chicken Wings, Fast Food","930 N Riverfront Dr, Mankato, MN 56001",44.17589839,-93.9951354,15073882973,https://www.yelp.com/biz/pizza-hut-mankato-2?adjust_creative=o_RAY0-eNqqkdEgxxTP7Ww&utm_campaign=yelp_api_v3&utm_medium=api_v3_business_search&utm_source=o_RAY0-eNqqkdEgxxTP7Ww
Taqueria Dona Tere,4,4,N/A,Mexican,"1850 Adams St, Mankato, MN 56001",44.172526,-93.952818,15077200143,https://www.yelp.com/biz/taqueria-dona-tere-mankato?adjust_creative=o_RAY0-eNqqkdEgxxTP7Ww&utm_campaign=yelp_api_v3&utm_medium=api_v3_business_search&utm_source=o_RAY0-eNqqkdEgxxTP7Ww
Burger King,1.6,22,$,"Burgers, Fast Food","1318 S Riverfront Dr, Mankato, MN 56001",44.16041243,-94.0182146,15073455516,https://www.yelp.com/biz/burger-king-mankato-4?adjust_creative=o_RAY0-eNqqkdEgxxTP7Ww&utm_campaign=yelp_api_v3&utm_medium=api_v3_business_search&utm_source=o_RAY0-eNqqkdEgxxTP7Ww
McAlister's Deli,5,1,N/A,"Sandwiches, Caterers, Delis","1860 Adams St, Mankato, MN 56001",44.170753,-93.951425,15077773333,https://www.yelp.com/biz/mcalisters-deli-mankato?adjust_creative=o_RAY0-eNqqkdEgxxTP7Ww&utm_campaign=yelp_api_v3&utm_medium=api_v3_business_search&utm_source=o_RAY0-eNqqkdEgxxTP7Ww
Kato tacos,5,1,N/A,Mexican,"410 S Front St, Mankato, MN 56001",44.16446,-94.00586,15077797029,https://www.yelp.com/biz/kato-tacos-mankato?adjust_creative=o_RAY0-eNqqkdEgxxTP7Ww&utm_campaign=yelp_api_v3&utm_medium=api_v3_business_search&utm_source=o_RAY0-eNqqkdEgxxTP7Ww
The Square Deal,4,1,N/A,"Sandwiches, Bars, Music Venues","521 S Front St, Mankato, MN 56001",44.16295,-94.00648,15076255090,https://www.yelp.com/biz/the-square-deal-mankato?adjust_creative=o_RAY0-eNqqkdEgxxTP7Ww&utm_campaign=yelp_api_v3&utm_medium=api_v3_business_search&utm_source=o_RAY0-eNqqkdEgxxTP7Ww
Arby's,2.6,5,$,"Fast Food, Sandwiches","520 S Riverfront Dr, Mankato, MN 56001",44.16402,-94.0087999,15073440002,https://www.yelp.com/biz/arbys-mankato-2?adjust_creative=o_RAY0-eNqqkdEgxxTP7Ww&utm_campaign=yelp_api_v3&utm_medium=api_v3_business_search&utm_source=o_RAY0-eNqqkdEgxxTP7Ww
NY Pizza,5,1,N/A,Pizza,"1850 Adams St, Mankato, MN 56001",44.17257491,-93.95278468,15155095578,https://www.yelp.com/biz/ny-pizza-mankato?adjust_creative=o_RAY0-eNqqkdEgxxTP7Ww&utm_campaign=yelp_api_v3&utm_medium=api_v3_business_search&utm_source=o_RAY0-eNqqkdEgxxTP7Ww
Underground Bar & Grill,2.3,7,$$,"Bars, American","12 Civic Center Plz, Ste 1B, Mankato, MN 56001",44.16488,-94.00529,15073888000,https://www.yelp.com/biz/underground-bar-and-grill-mankato?adjust_creative=o_RAY0-eNqqkdEgxxTP7Ww&utm_campaign=yelp_api_v3&utm_medium=api_v3_business_search&utm_source=o_RAY0-eNqqkdEgxxTP7Ww
Westwood Marina Bar & Grill,2.2,28,$$,"Boating, Marinas, American","1400 Lake Washington Access Rd, on Lake Washington, Kasota, MN 56050",44.25195146,-93.88686554,15072439998,https://www.yelp.com/biz/westwood-marina-bar-and-grill-kasota?adjust_creative=o_RAY0-eNqqkdEgxxTP7Ww&utm_campaign=yelp_api_v3&utm_medium=api_v3_business_search&utm_source=o_RAY0-eNqqkdEgxxTP7Ww
Taco Bell,1.7,17,$,"Mexican, Fast Food","1819 Madison Avenue, Mankato, MN 56001",44.166718,-93.960899,15072290745,https://www.yelp.com/biz/taco-bell-mankato?adjust_creative=o_RAY0-eNqqkdEgxxTP7Ww&utm_campaign=yelp_api_v3&utm_medium=api_v3_business_search&utm_source=o_RAY0-eNqqkdEgxxTP7Ww
Arby's,5,1,$,Fast Food,"1855 E Madison Ave, Mankato, MN 56001",44.16640472,-93.95066833,15073850535,https://www.yelp.com/biz/arbys-mankato?adjust_creative=o_RAY0-eNqqkdEgxxTP7Ww&utm_campaign=yelp_api_v3&utm_medium=api_v3_business_search&utm_source=o_RAY0-eNqqkdEgxxTP7Ww
Hardee's,2,7,N/A,"Burgers, Fast Food","101 W Lind Ct, Mankato, MN 56001",44.18938815,-94.01296852,15077200288,https://www.yelp.com/biz/hardees-mankato-3?adjust_creative=o_RAY0-eNqqkdEgxxTP7Ww&utm_campaign=yelp_api_v3&utm_medium=api_v3_business_search&utm_source=o_RAY0-eNqqkdEgxxTP7Ww
McDonald's,1.6,15,$,"Burgers, Fast Food, Coffee & Tea","1411 Madison Ave, Mankato, MN 56001",44.1665522,-93.9713674,15073453370,https://www.yelp.com/biz/mcdonalds-mankato-3?adjust_creative=o_RAY0-eNqqkdEgxxTP7Ww&utm_campaign=yelp_api_v3&utm_medium=api_v3_business_search&utm_source=o_RAY0-eNqqkdEgxxTP7Ww
Dairy Queen Store,2.1,12,$,"Fast Food, Ice Cream & Frozen Yogurt, Burgers","2001 Adams St, Suite 100, Mankato, MN 56001",44.170016,-93.945961,15076256732,https://www.yelp.com/biz/dairy-queen-store-mankato-2?adjust_creative=o_RAY0-eNqqkdEgxxTP7Ww&utm_campaign=yelp_api_v3&utm_medium=api_v3_business_search&utm_source=o_RAY0-eNqqkdEgxxTP7Ww
Asian Wok,1,1,N/A,"Asian Fusion, Noodles, Chinese","1850 Adams St, Mankato, MN 56001",44.172887,-93.953675,16513480244,https://www.yelp.com/biz/asian-wok-mankato?adjust_creative=o_RAY0-eNqqkdEgxxTP7Ww&utm_campaign=yelp_api_v3&utm_medium=api_v3_business_search&utm_source=o_RAY0-eNqqkdEgxxTP7Ww
Einstein Bros Bagel,1.8,4,$$,"Bagels, Sandwiches","1580 Madison Ave, Mankato, MN 56001",44.16731262,-93.96481323,,https://www.yelp.com/biz/einstein-bros-bagel-mankato?adjust_creative=o_RAY0-eNqqkdEgxxTP7Ww&utm_campaign=yelp_api_v3&utm_medium=api_v3_business_search&utm_source=o_RAY0-eNqqkdEgxxTP7Ww
Papa Murphy's,3,4,$,Pizza,"1776 East Madison Avenue, Mankato, MN 56001",44.1670564,-93.9571777,15076257444,https://www.yelp.com/biz/papa-murphys-mankato-2?adjust_creative=o_RAY0-eNqqkdEgxxTP7Ww&utm_campaign=yelp_api_v3&utm_medium=api_v3_business_search&utm_source=o_RAY0-eNqqkdEgxxTP7Ww
Jimmy John's,2.3,7,$,"Sandwiches, Fast Food, Delis","1600 Warren St, Ste 16, Mankato, MN 56001",44.14563,-93.99321,15073884999,https://www.yelp.com/biz/jimmy-johns-mankato?adjust_creative=o_RAY0-eNqqkdEgxxTP7Ww&utm_campaign=yelp_api_v3&utm_medium=api_v3_business_search&utm_source=o_RAY0-eNqqkdEgxxTP7Ww
Ichiddo Ramen,0,0,N/A,"Ramen, Bubble Tea, Noodles","1850 Adams St, Ste 608, Mankato, MN 56001",44.17261947,-93.95250737,15075949066,https://www.yelp.com/biz/ichiddo-ramen-mankato?adjust_creative=o_RAY0-eNqqkdEgxxTP7Ww&utm_campaign=yelp_api_v3&utm_medium=api_v3_business_search&utm_source=o_RAY0-eNqqkdEgxxTP7Ww
Eastern Buffet,1,1,N/A,Buffets,"1170 S Riverfront Dr, Mankato, MN 56001",44.16030966,-94.01492827,15076258889,https://www.yelp.com/biz/eastern-buffet-mankato?adjust_creative=o_RAY0-eNqqkdEgxxTP7Ww&utm_campaign=yelp_api_v3&utm_medium=api_v3_business_search&utm_source=o_RAY0-eNqqkdEgxxTP7Ww
Green Mill,2,1,N/A,"Salad, Pizza, Sandwiches","1850 Madison Ave, Ste 2, Mankato, MN 56001",44.1687151,-93.9535654,15078104180,https://www.yelp.com/biz/green-mill-mankato?adjust_creative=o_RAY0-eNqqkdEgxxTP7Ww&utm_campaign=yelp_api_v3&utm_medium=api_v3_business_search&utm_source=o_RAY0-eNqqkdEgxxTP7Ww
University Dining Center,2,1,N/A,"Salad, Donuts, Sandwiches","760 Maywood Ave, Mankato, MN 56001",44.14886216,-94.00154173,15073892613,https://www.yelp.com/biz/university-dining-center-mankato?adjust_creative=o_RAY0-eNqqkdEgxxTP7Ww&utm_campaign=yelp_api_v3&utm_medium=api_v3_business_search&utm_source=o_RAY0-eNqqkdEgxxTP7Ww
Eagle Club 269,2.3,3,N/A,"Bars, New American","708 N Riverfront Dr, Mankato, MN 56001",44.17352,-93.99748,15076259701,https://www.yelp.com/biz/eagle-club-269-mankato?adjust_creative=o_RAY0-eNqqkdEgxxTP7Ww&utm_campaign=yelp_api_v3&utm_medium=api_v3_business_search&utm_source=o_RAY0-eNqqkdEgxxTP7Ww
Auntie Anne's,0,0,N/A,"Bakeries, Pretzels, Fast Food","1600 Warren St, Ste 3, Mankato, MN 56001",44.1461295,-93.993827,,https://www.yelp.com/biz/auntie-annes-mankato?adjust_creative=o_RAY0-eNqqkdEgxxTP7Ww&utm_campaign=yelp_api_v3&utm_medium=api_v3_business_search&utm_source=o_RAY0-eNqqkdEgxxTP7Ww
Great Wall Restaurant,0,0,N/A,Chinese,"1802 Commerce Dr, Mankato, MN 56003",44.1789629,-94.0391414,15076255109,https://www.yelp.com/biz/great-wall-restaurant-mankato?adjust_creative=o_RAY0-eNqqkdEgxxTP7Ww&utm_campaign=yelp_api_v3&utm_medium=api_v3_business_search&utm_source=o_RAY0-eNqqkdEgxxTP7Ww
Subway,2,1,$,"Sandwiches, Fast Food","1102 N River Dr, North Mankato, MN 56003",44.1813853,-94.00654551,15073867827,https://www.yelp.com/biz/subway-north-mankato-3?adjust_creative=o_RAY0-eNqqkdEgxxTP7Ww&utm_campaign=yelp_api_v3&utm_medium=api_v3_business_search&utm_source=o_RAY0-eNqqkdEgxxTP7Ww
A&W Restaurant,2.5,6,N/A,"Burgers, Fast Food, Hot Dogs","1850 Adams St, Ste 536, Mankato, MN 56001",44.172251,-93.952962,15077797668,https://www.yelp.com/biz/a-and-w-mankato-mankato?adjust_creative=o_RAY0-eNqqkdEgxxTP7Ww&utm_campaign=yelp_api_v3&utm_medium=api_v3_business_search&utm_source=o_RAY0-eNqqkdEgxxTP7Ww
Tropical Sno Mankato,5,1,N/A,"Shaved Ice, Food Stands","1800 Madison Ave, Mankato, MN 56001",44.168794,-93.955373,15075192424,https://www.yelp.com/biz/tropical-sno-mankato-mankato?adjust_creative=o_RAY0-eNqqkdEgxxTP7Ww&utm_campaign=yelp_api_v3&utm_medium=api_v3_business_search&utm_source=o_RAY0-eNqqkdEgxxTP7Ww
Taco John's,2.5,6,N/A,"Mexican, Fast Food","2112 N Broad Ct, Mankato, MN 56001",44.15252,-94.0421,15073882836,https://www.yelp.com/biz/taco-johns-mankato-3?adjust_creative=o_RAY0-eNqqkdEgxxTP7Ww&utm_campaign=yelp_api_v3&utm_medium=api_v3_business_search&utm_source=o_RAY0-eNqqkdEgxxTP7Ww
Costanza’s Pizzeria,3.3,4,N/A,"Pizza, Salad, Pasta Shops","1600 Warren St, Ste 3, Mankato, MN 56001",44.14563,-93.99321,15073047010,https://www.yelp.com/biz/costanza-s-pizzeria-mankato-2?adjust_creative=o_RAY0-eNqqkdEgxxTP7Ww&utm_campaign=yelp_api_v3&utm_medium=api_v3_business_search&utm_source=o_RAY0-eNqqkdEgxxTP7Ww
Subway,1.3,8,$,"Sandwiches, Fast Food","10 Sibley Pkwy, Mankato, MN 56001",44.16198982,-94.01134213,15076257827,https://www.yelp.com/biz/subway-mankato-12?adjust_creative=o_RAY0-eNqqkdEgxxTP7Ww&utm_campaign=yelp_api_v3&utm_medium=api_v3_business_search&utm_source=o_RAY0-eNqqkdEgxxTP7Ww
Dunkin',0,0,N/A,"Donuts, Coffee & Tea, Sandwiches","620 S Riverfront Dr, Mankato, MN 56001",44.16276462,-94.0101572,15077200239,https://www.yelp.com/biz/dunkin-mankato-2?adjust_creative=o_RAY0-eNqqkdEgxxTP7Ww&utm_campaign=yelp_api_v3&utm_medium=api_v3_business_search&utm_source=o_RAY0-eNqqkdEgxxTP7Ww
Chipotle Mexican Grill,2,2,N/A,"Mexican, Fast Food","1725 Lor Ray Dr, North Mankato, MN 56003",44.17797245,-94.0340541,15075121689,https://www.yelp.com/biz/chipotle-mexican-grill-north-mankato?adjust_creative=o_RAY0-eNqqkdEgxxTP7Ww&utm_campaign=yelp_api_v3&utm_medium=api_v3_business_search&utm_source=o_RAY0-eNqqkdEgxxTP7Ww
Casey's,0,0,N/A,Pizza,"170 St Andrews Dr, Mankato, MN 56001",44.18036674,-93.96288825,15073874992,https://www.yelp.com/biz/caseys-mankato-2?adjust_creative=o_RAY0-eNqqkdEgxxTP7Ww&utm_campaign=yelp_api_v3&utm_medium=api_v3_business_search&utm_source=o_RAY0-eNqqkdEgxxTP7Ww
McDonald's,1,9,$,"Fast Food, Burgers, Coffee & Tea","1921 Adams St, Mankato, MN 56001",44.1701289,-93.94725247,15076257559,https://www.yelp.com/biz/mcdonalds-mankato-2?adjust_creative=o_RAY0-eNqqkdEgxxTP7Ww&utm_campaign=yelp_api_v3&utm_medium=api_v3_business_search&utm_source=o_RAY0-eNqqkdEgxxTP7Ww
Taco Bell,3,2,N/A,"Fast Food, Mexican","145 St. Andrews Dr, Mankato, MN 56001",44.18072148,-93.96191629,15072250316,https://www.yelp.com/biz/taco-bell-mankato-2?adjust_creative=o_RAY0-eNqqkdEgxxTP7Ww&utm_campaign=yelp_api_v3&utm_medium=api_v3_business_search&utm_source=o_RAY0-eNqqkdEgxxTP7Ww
Erbert and Gerberts,0,0,N/A,"Soup, Sandwiches, Salad","1710 Commerce Dr, North Mankato, MN 56003",44.17924429,-94.03483763,15076252121,https://www.yelp.com/biz/erbert-and-gerberts-north-mankato?adjust_creative=o_RAY0-eNqqkdEgxxTP7Ww&utm_campaign=yelp_api_v3&utm_medium=api_v3_business_search&utm_source=o_RAY0-eNqqkdEgxxTP7Ww
MrBeast Burger,1,1,N/A,"Food Delivery Services, Burgers","1600 Warren St, Ste 13, Mankato, MN 56001",44.14563,-93.99321,18772327898,https://www.yelp.com/biz/mrbeast-burger-mankato?adjust_creative=o_RAY0-eNqqkdEgxxTP7Ww&utm_campaign=yelp_api_v3&utm_medium=api_v3_business_search&utm_source=o_RAY0-eNqqkdEgxxTP7Ww
Little Caesars,1,1,$,"Pizza, Chicken Wings","1150 S Riverfront Dr, Mankato, MN 56001",44.16075007,-94.01462518,15073876000,https://www.yelp.com/biz/little-caesars-mankato?adjust_creative=o_RAY0-eNqqkdEgxxTP7Ww&utm_campaign=yelp_api_v3&utm_medium=api_v3_business_search&utm_source=o_RAY0-eNqqkdEgxxTP7Ww
Sbarro the Italian Eatery,5,1,N/A,Italian,"1850 Adams St, Ste 614, Mankato, MN 56001",44.1729399,-93.95463,15073876372,https://www.yelp.com/biz/sbarro-the-italian-eatery-mankato?adjust_creative=o_RAY0-eNqqkdEgxxTP7Ww&utm_campaign=yelp_api_v3&utm_medium=api_v3_business_search&utm_source=o_RAY0-eNqqkdEgxxTP7Ww
Pardon My Cheesesteak,0,0,N/A,"Cheesesteaks, Food Delivery Services","1600 Warren St, Ste 13, Mankato, MN 56001",44.1459228,-93.99344084,18335293287,https://www.yelp.com/biz/pardon-my-cheesesteak-mankato?adjust_creative=o_RAY0-eNqqkdEgxxTP7Ww&utm_campaign=yelp_api_v3&utm_medium=api_v3_business_search&utm_source=o_RAY0-eNqqkdEgxxTP7Ww
Einstein Bros. Bagels,0,0,N/A,"Breakfast & Brunch, Bagels, Sandwiches","7 Centennial Student Un Union Su, Mankato, MN 56001",44.14648974,-93.99996665,15073891371,https://www.yelp.com/biz/einstein-bros-bagels-mankato?adjust_creative=o_RAY0-eNqqkdEgxxTP7Ww&utm_campaign=yelp_api_v3&utm_medium=api_v3_business_search&utm_source=o_RAY0-eNqqkdEgxxTP7Ww
The Blue Moon Bar and Grill,4,1,N/A,"American, Pizza, Sports Bars","300 S Webster St, Kasota, MN 56050",44.28780414,-93.96615471,15075191166,https://www.yelp.com/biz/the-blue-moon-bar-and-grill-kasota?adjust_creative=o_RAY0-eNqqkdEgxxTP7Ww&utm_campaign=yelp_api_v3&utm_medium=api_v3_business_search&utm_source=o_RAY0-eNqqkdEgxxTP7Ww
Subway,1.9,9,$,"Sandwiches, Fast Food","1750 Commerce Dr, Ste 110, North Mankato, MN 56003",44.17953454,-94.03743572,15073887821,https://www.yelp.com/biz/subway-north-mankato-4?adjust_creative=o_RAY0-eNqqkdEgxxTP7Ww&utm_campaign=yelp_api_v3&utm_medium=api_v3_business_search&utm_source=o_RAY0-eNqqkdEgxxTP7Ww
Villa Italian Kitchen,1,3,N/A,"Italian, Pizza","1850 Adams St, Ste 614, Mankato, MN 56001",44.172564,-93.952759,15073888394,https://www.yelp.com/biz/villa-italian-kitchen-mankato?adjust_creative=o_RAY0-eNqqkdEgxxTP7Ww&utm_campaign=yelp_api_v3&utm_medium=api_v3_business_search&utm_source=o_RAY0-eNqqkdEgxxTP7Ww
Casey's,3,2,N/A,Pizza,"1375 Lookout Dr, North Mankato, MN 56003",44.16832313,-94.0467194,15072167249,https://www.yelp.com/biz/caseys-north-mankato?adjust_creative=o_RAY0-eNqqkdEgxxTP7Ww&utm_campaign=yelp_api_v3&utm_medium=api_v3_business_search&utm_source=o_RAY0-eNqqkdEgxxTP7Ww
Neighborhood Wings,0,0,N/A,"Food Delivery Services, Fast Food, Chicken Wings","Mankato, MN 56001",44.17148215,-93.97742524,15073861010,https://www.yelp.com/biz/neighborhood-wings-mankato?adjust_creative=o_RAY0-eNqqkdEgxxTP7Ww&utm_campaign=yelp_api_v3&utm_medium=api_v3_business_search&utm_source=o_RAY0-eNqqkdEgxxTP7Ww
Subway,1,4,N/A,"Sandwiches, Fast Food","1633 Monks Ave, Ste 110, Mankato, MN 56001",44.14613513,-93.98869043,15073857821,https://www.yelp.com/biz/subway-mankato-15?adjust_creative=o_RAY0-eNqqkdEgxxTP7Ww&utm_campaign=yelp_api_v3&utm_medium=api_v3_business_search&utm_source=o_RAY0-eNqqkdEgxxTP7Ww
Brothers Restaurant,0,0,N/A,"Juice Bars & Smoothies, Breakfast & Brunch, Sandwiches","2156 Hoffman Rd, Mankato, MN 56001",44.1561745,-93.97138772,15077200371,https://www.yelp.com/biz/brothers-restaurant-mankato?adjust_creative=o_RAY0-eNqqkdEgxxTP7Ww&utm_campaign=yelp_api_v3&utm_medium=api_v3_business_search&utm_source=o_RAY0-eNqqkdEgxxTP7Ww
Subway,2,1,$,"Fast Food, Sandwiches","1881 Madison Ave, Mankato, MN 56001",44.16388748,-93.95073528,15073867821,https://www.yelp.com/biz/subway-mankato-16?adjust_creative=o_RAY0-eNqqkdEgxxTP7Ww&utm_campaign=yelp_api_v3&utm_medium=api_v3_business_search&utm_source=o_RAY0-eNqqkdEgxxTP7Ww
Elks Bpoe Lodge 225,0,0,N/A,New American,"1028 N Riverfront Dr, Mankato, MN 56001",44.17687988,-93.99424744,15073453568,https://www.yelp.com/biz/elks-bpoe-lodge-225-mankato?adjust_creative=o_RAY0-eNqqkdEgxxTP7Ww&utm_campaign=yelp_api_v3&utm_medium=api_v3_business_search&utm_source=o_RAY0-eNqqkdEgxxTP7Ww
Garbanzo Mediterranean Fresh,0,0,N/A,"Mediterranean, Fast Food, Greek","7 Centennial Student Union, Mankato, MN 56001",44.1466585,-93.99988597,19704820308,https://www.yelp.com/biz/garbanzo-mediterranean-fresh-mankato?adjust_creative=o_RAY0-eNqqkdEgxxTP7Ww&utm_campaign=yelp_api_v3&utm_medium=api_v3_business_search&utm_source=o_RAY0-eNqqkdEgxxTP7Ww
Chick-fil-A,0,0,$,"Fast Food, Chicken Shop, Salad","7 Centennial Student Un, Mankato, MN 56001",44.146693,-94.000289,15073892613,https://www.yelp.com/biz/chick-fil-a-mankato-2?adjust_creative=o_RAY0-eNqqkdEgxxTP7Ww&utm_campaign=yelp_api_v3&utm_medium=api_v3_business_search&utm_source=o_RAY0-eNqqkdEgxxTP7Ww
Mac's Bar & Cafe,0,0,N/A,Restaurants,"1430 2nd Ave, Mankato, MN 56001",44.18010712,-93.99460602,15073458855,https://www.yelp.com/biz/macs-bar-and-cafe-mankato?adjust_creative=o_RAY0-eNqqkdEgxxTP7Ww&utm_campaign=yelp_api_v3&utm_medium=api_v3_business_search&utm_source=o_RAY0-eNqqkdEgxxTP7Ww
Del's Cafe & Bakery,0,0,N/A,Restaurants,"229 Belgrade Ave, Mankato, MN 56003",44.16984177,-94.0071106,15073872881,https://www.yelp.com/biz/dels-cafe-and-bakery-mankato?adjust_creative=o_RAY0-eNqqkdEgxxTP7Ww&utm_campaign=yelp_api_v3&utm_medium=api_v3_business_search&utm_source=o_RAY0-eNqqkdEgxxTP7Ww
China Max,1,4,N/A,Cantonese,"1850 Adams Ste, Mankato, MN 56001",44.1728541,-93.9537317,12184090346,https://www.yelp.com/biz/china-max-mankato?adjust_creative=o_RAY0-eNqqkdEgxxTP7Ww&utm_campaign=yelp_api_v3&utm_medium=api_v3_business_search&utm_source=o_RAY0-eNqqkdEgxxTP7Ww
Rosita's Mexican Grill,0,0,N/A,Mexican,"1850 Adams St, Mankato, MN 56001",44.1729399,-93.95463,15073888226,https://www.yelp.com/biz/rositas-mexican-grill-mankato?adjust_creative=o_RAY0-eNqqkdEgxxTP7Ww&utm_campaign=yelp_api_v3&utm_medium=api_v3_business_search&utm_source=o_RAY0-eNqqkdEgxxTP7Ww
Gyro King,0,0,N/A,Greek,"1850 Adams St, Mankato, MN 56001",44.1729393,-93.954628,15073861117,https://www.yelp.com/biz/gyro-king-mankato?adjust_creative=o_RAY0-eNqqkdEgxxTP7Ww&utm_campaign=yelp_api_v3&utm_medium=api_v3_business_search&utm_source=o_RAY0-eNqqkdEgxxTP7Ww
Casey's,0,0,N/A,Pizza,"101 598th Ave, Eagle Lake, MN 56024",44.16986624,-93.89348324,15155161424,https://www.yelp.com/biz/caseys-eagle-lake-2?adjust_creative=o_RAY0-eNqqkdEgxxTP7Ww&utm_campaign=yelp_api_v3&utm_medium=api_v3_business_search&utm_source=o_RAY0-eNqqkdEgxxTP7Ww
Northwoods Cafe & Grill,0,0,N/A,Restaurants,"1010 Raintree Rd, Mankato, MN 56001",44.17566681,-93.96351624,15077200909,https://www.yelp.com/biz/northwoods-cafe-and-grill-mankato?adjust_creative=o_RAY0-eNqqkdEgxxTP7Ww&utm_campaign=yelp_api_v3&utm_medium=api_v3_business_search&utm_source=o_RAY0-eNqqkdEgxxTP7Ww
Pizza Man,0,0,N/A,Pizza,"1150 S Riverfront Dr, Mankato, MN 56001",44.1604287,-94.0147807,15073448886,https://www.yelp.com/biz/pizza-man-mankato?adjust_creative=o_RAY0-eNqqkdEgxxTP7Ww&utm_campaign=yelp_api_v3&utm_medium=api_v3_business_search&utm_source=o_RAY0-eNqqkdEgxxTP7Ww
International Sambuusa House,0,0,N/A,Somali,"412 Park Ln, Mankato, MN 56001",44.15959,-94.02327,15073455996,https://www.yelp.com/biz/international-sambuusa-house-mankato?adjust_creative=o_RAY0-eNqqkdEgxxTP7Ww&utm_campaign=yelp_api_v3&utm_medium=api_v3_business_search&utm_source=o_RAY0-eNqqkdEgxxTP7Ww
Applewood Restaurant & Banquet Facility,0,0,N/A,Restaurants,"11 Telemark Dr, Mankato, MN 56001",44.12998962,-94.00811768,15076254105,https://www.yelp.com/biz/applewood-restaurant-and-banquet-facility-mankato?adjust_creative=o_RAY0-eNqqkdEgxxTP7Ww&utm_campaign=yelp_api_v3&utm_medium=api_v3_business_search&utm_source=o_RAY0-eNqqkdEgxxTP7Ww
Deli,0,0,N/A,"Delis, Sandwiches","1271 N River Dr, Mankato, MN 56001",44.18771,-94.0124,15076257480,https://www.yelp.com/biz/deli-mankato?adjust_creative=o_RAY0-eNqqkdEgxxTP7Ww&utm_campaign=yelp_api_v3&utm_medium=api_v3_business_search&utm_source=o_RAY0-eNqqkdEgxxTP7Ww
Peddler of Rapidan Restaurant,0,0,N/A,Restaurants,"19075 Rapidan Ave, Mankato, MN 56001",44.09531403,-94.06837463,15072784808,https://www.yelp.com/biz/peddler-of-rapidan-restaurant-mankato?adjust_creative=o_RAY0-eNqqkdEgxxTP7Ww&utm_campaign=yelp_api_v3&utm_medium=api_v3_business_search&utm_source=o_RAY0-eNqqkdEgxxTP7Ww
